iso3,country_name,year,gdp_usd,gdp_per_capita_usd,gdp_growth_pct,inflation_pct,trade_pct_gdp
AFG,Afghanistan,2010,15856668555.8336,560.621505463146,14.3624414710737,2.17853752389419,
AFG,Afghanistan,2011,17805098206.3141,606.694676337726,0.426354776777345,11.8041858089129,
AFG,Afghanistan,2012,19907329777.5872,651.417134470046,12.7522870926697,6.44121280934117,
AFG,Afghanistan,2013,20146416757.5987,637.087099117099,5.60074465863221,7.38577178397855,
AFG,Afghanistan,2014,20497128555.6972,625.054941813938,2.72454336219565,4.67399603536345,
AFG,Afghanistan,2015,19134221644.7325,565.569730408751,1.45131466066431,-0.661709164713742,
AFG,Afghanistan,2016,18116572395.0772,522.082215583898,2.26031420279821,4.38389195513915,
AFG,Afghanistan,2017,18753456497.8159,525.469770891619,2.6470032027451,4.97595150553833,
AFG,Afghanistan,2018,18053222687.4126,491.337221382603,1.18922812944517,0.626149149168847,
AFG,Afghanistan,2019,18799444490.1128,496.6025042585,3.91160341625552,2.30237251516834,
AFG,Afghanistan,2020,19955929052.1496,510.787063366811,-2.35110067203466,5.60188791482224,46.7098945514103
AFG,Afghanistan,2021,14259995441.0759,356.496214115892,-20.7388393676343,5.13320340824963,51.4117163747271
AFG,Afghanistan,2022,14497243872.1337,357.261152798144,-6.24017199240269,13.7121023720065,72.8854696086536
AFG,Afghanistan,2023,17152234636.8715,413.757894705303,2.26694373649188,-4.64470870797775,66.9995780621951
AFG,Afghanistan,2024,17778508875.7396,416.871146273728,1.87319280045979,-6.60118564073726,83.763025087768
AGO,Angola,2010,95546919754.2873,4101.63715564669,5.29366572819954,14.4696564932577,90.9940631357987
AGO,Angola,2011,125551634704.941,5184.15269151846,3.59386960240222,13.4824679218511,89.0369443426985
AGO,Angola,2012,143572907527.976,5702.45306277434,8.50312283866612,10.2779049218839,81.939478548327
AGO,Angola,2013,148845200696.335,5688.57916213471,4.88306129688392,8.77781429332624,77.3498013719917
AGO,Angola,2014,153449860495.966,5649.68762467535,4.65572356315585,7.28038730361121,69.5801424480502
AGO,Angola,2015,102543067840.819,3641.72893920253,0.763177710914789,9.35597215533784,54.9793808780995
AGO,Angola,2016,60770049747.3832,2082.37343594705,-0.233076954805284,30.6944150806719,46.3256130571521
AGO,Angola,2017,85629598654.1906,2832.14997950512,-0.164688656961076,29.8444799015679,44.9963253203189
AGO,Angola,2018,90506061877.2765,2891.83032378747,-0.506697543616156,19.6289379701521,58.2698953890633
AGO,Angola,2019,81193813808.0382,2507.86807213642,-1.05523414494337,17.080954143438,60.3713068739603
AGO,Angola,2020,58512033805.8981,1749.1794838482,-5.27349128300007,22.271539247051,54.6604030683749
AGO,Angola,2021,78283923543.8237,2266.96834861584,1.09058369944815,25.7542948841891,62.5287705320674
AGO,Angola,2022,128233959333.275,3598.53669077341,3.55749206675667,21.3552901320822,56.5380722280743
AGO,Angola,2023,106042349567.303,2885.51349130806,1.32016587081031,13.6441017767715,53.6070126498686
AGO,Angola,2024,103080538044.058,2720.81900669715,4.95267860425956,28.2404948915772,49.8489506740963
AGO,Angola,2025,122174889423.635,3129.47662331063,3.13353542450008,20.1620197572331,34.6466403704517
ALB,Albania,2010,12086545641.299,4149.14469936847,2.97315442681247,3.6271009151748,75.5325329687378
ALB,Albania,2011,12973755874.5365,4465.70914328865,2.46351683915714,3.42807130141501,80.6989985298954
ALB,Albania,2012,12246499747.9714,4280.93316338873,0.984129880204108,2.03159268395296,76.9683583166821
ALB,Albania,2013,12796985886.1478,4542.92903556739,1.7072283175406,1.93762080205223,75.7506185619748
ALB,Albania,2014,13296322588.1684,4793.59751131525,2.24022695382642,1.62586504402614,75.0212023084129
ALB,Albania,2015,11470171826.9575,4199.53912925398,2.2277040745779,1.89617402592356,71.2794476606014
ALB,Albania,2016,11988668784.6628,4457.63412207495,3.90893551362245,1.27543168367423,74.0144504546815
ALB,Albania,2017,13258268435.6048,5006.36012951959,3.28317593330073,1.98666133171194,76.7873817898989
ALB,Albania,2018,15379508329.7568,5897.65452588774,3.67141928098908,2.02805963071135,75.6940783717425
ALB,Albania,2019,15585111614.0376,6069.43903131027,2.06257790176122,1.41109078954242,75.382128932689
ALB,Albania,2020,15241458744.5927,6027.91350716348,-3.31375636888916,1.62088661717021,59.5206994391875
ALB,Albania,2021,18031989573.0294,7242.45513146613,8.96957619074095,2.04147163139545,75.5904040905009
ALB,Albania,2022,19017247013.8821,7756.96188744253,4.8268006234359,6.72520271530059,84.6980435944865
ALB,Albania,2023,23491242727.4082,9740.7023414631,4.01541716935742,4.75834555150038,82.3524933990723
ALB,Albania,2024,27037474263.2977,11374.0085781236,4.04592845095348,2.21587375089992,79.4546360752224
ALB,Albania,2025,30540188271.3421,12998.147869552,3.78893836241024,2.14618551167388,79.5328146239161
ARE,United Arab Emirates,2010,307736348527.33,44795.2846234991,1.60285004336325,0.877983288285867,135.485740301669
ARE,United Arab Emirates,2011,368881033962.57,51921.8890746408,6.73651167897515,0.87734659568512,144.176829734392
ARE,United Arab Emirates,2012,392793559050.783,53141.6251661086,4.68325642918792,0.662268900269009,156.637656972961
ARE,United Arab Emirates,2013,409632574702.715,53247.2278745159,4.9184505919085,1.1011183637571,157.398122639247
ARE,United Arab Emirates,2014,424935834104.193,52725.2307981936,4.63291785879667,2.34626865671643,159.515630313713
ARE,United Arab Emirates,2015,381973135513.065,44910.3458860776,7.08766622657654,4.06996608361593,164.286142899252
ARE,United Arab Emirates,2016,381717208620.964,42721.1136110991,5.65790147196586,1.61748808904198,165.394966240337
ARE,United Arab Emirates,2017,403365056078.846,43733.6242018215,-1.06137114472548,1.96682557818842,165.476523652994
ARE,United Arab Emirates,2018,440560003161.236,47135.3478795605,1.53720634021511,3.06863379251997,154.747042166299
ARE,United Arab Emirates,2019,433926218686.108,45938.6084572227,1.27129120536284,-1.93108114782173,163.822149025614
ARE,United Arab Emirates,2020,357161776271.328,37991.738387966,-8.69343363776639,-2.07940317940944,181.291940227998
ARE,United Arab Emirates,2021,422441282436.237,44118.4936214315,4.55280140106356,0.179935336174431,182.909401076776
ARE,United Arab Emirates,2022,511403404642.173,50759.7590190204,7.51452414254605,5.29122604376849,185.741660631894
ARE,United Arab Emirates,2023,522622268401.125,49850.6945082084,4.30113648499413,1.62670837213248,199.044950127107
ARE,United Arab Emirates,2024,552324919095.872,50273.5126243239,3.99181200361831,1.66336510224894,
ARE,United Arab Emirates,2025,,,,1.250865245598,
ARG,Argentina,2010,423627422092.49,10260.1313108254,10.1253981561002,,34.9710132635696
ARG,Argentina,2011,530158122010.442,12704.2831819684,6.00395169280579,,35.2061549999644
ARG,Argentina,2012,545982375701.128,12949.717486654,-1.0264204544321,,30.5265423717108
ARG,Argentina,2013,552025140252.246,12963.675773326,2.40532378079436,,29.3339290021037
ARG,Argentina,2014,526319673731.638,12233.1444119186,-2.51261532081394,,28.4067936452275
ARG,Argentina,2015,594749285413.212,13679.6264980954,2.73115982828944,,22.4862260889792
ARG,Argentina,2016,557532320662.955,12699.9623137756,-2.08032784377811,,26.0938878488799
ARG,Argentina,2017,643628393281.364,14532.5009308511,2.81850297775918,,25.2896011376779
ARG,Argentina,2018,524819892360.176,11752.7998922979,-2.61739646282038,34.2772237131003,30.7625359549926
ARG,Argentina,2019,447754683615.225,9955.97478680428,-2.00086100285785,53.5483043492339,32.6306150458499
ARG,Argentina,2020,385740508436.965,8535.59938004389,-9.9004848136464,42.0150947376509,30.203698807416
ARG,Argentina,2021,486564085480.036,10738.0179223384,10.4418119882506,48.4093786255199,33.078689567466
ARG,Argentina,2022,633993756301.08,13962.1894087223,6.02074537534855,72.430757531824,31.5801792606256
ARG,Argentina,2023,649461687959.174,14261.8465667948,-1.85578803046339,133.488935594175,26.6769512482215
ARG,Argentina,2024,638365455340.04,13969.7836603737,-1.34293072157739,219.883929014578,27.929760849367
ARG,Argentina,2025,683097891618.597,14898.0885943842,4.36733330217022,,30.364633685192
ARM,Armenia,2010,9260285755.62424,3041.34450723339,2.2000000002151,8.17636138473952,64.642975973633
ARM,Armenia,2011,10142111824.5835,3349.55309771906,4.69999999867412,7.65000807859294,69.4355736620453
ARM,Armenia,2012,10619320682.9474,3511.56399687426,7.20000000096486,2.55802007757907,75.9616759606704
ARM,Armenia,2013,11121464437.0415,3680.16692158886,3.3,5.78966778544651,77.5550481598824
ARM,Armenia,2014,11609513246.7958,3852.11800610384,3.60000000058993,2.98130868933672,75.778866962639
ARM,Armenia,2015,10553337518.414,3512.39350276709,3.19999999896625,3.73169119261693,71.6820743427575
ARM,Armenia,2016,10546136235.5219,3524.42476874707,0.199999999825991,-1.403607559009,76.0779674593548
ARM,Armenia,2017,11527458709.0158,3869.05373867752,7.50000000164144,0.969553268816138,87.202376539837
ARM,Armenia,2018,12457940694.7395,4196.00562301769,5.19999999965324,2.52023382001638,92.473107021212
ARM,Armenia,2019,13619290539.2116,4597.22887399548,7.59999999853918,1.44344660770698,97.847004865327
ARM,Armenia,2020,12641698583.2152,4268.68093304583,-7.19999999920631,1.21143577838465,70.1213571368789
ARM,Armenia,2021,13878908628.9378,4685.17997128509,5.80000000065645,7.18483629443371,79.2489057647112
ARM,Armenia,2022,19513506553.1251,6571.97445545099,12.5999999997766,8.64091108973855,103.878629213508
ARM,Armenia,2023,24185982215.6543,8159.08720967996,8.29999999959539,1.98041877615554,123.418750077627
ARM,Armenia,2024,25955275380.0321,8556.21406956719,5.90000000046228,0.269511978259125,150.064726588742
ARM,Armenia,2025,29243452882.3545,9474.01849300368,7.2,3.30693341072904,101.705936395702
AUS,Australia,2010,1152566632022.13,52313.8939041213,2.21004795300735,2.9183370211222,40.3905070860606
AUS,Australia,2011,1402939868653.4,62799.3895017032,2.39473494330615,3.30384784681081,41.7219860149689
AUS,Australia,2012,1552728401401.58,68301.4402512587,3.95247138119184,1.76278299052228,43.0198495527558
AUS,Australia,2013,1583737461925.39,68476.6788496118,2.65445302592404,2.44988248109259,41.100511881056
AUS,Australia,2014,1474677007565.64,62817.2061751737,2.60118978187332,2.48792932080492,42.2993095385282
AUS,Australia,2015,1356805839935.9,56970.3613028094,2.16434780647852,1.50836803138463,41.4947506939901
AUS,Australia,2016,1211588128417.61,50084.4440606385,2.75564065529868,1.27699365720306,40.813402217321
AUS,Australia,2017,1330890554614.09,54117.547718609,2.29331030192918,1.94864309065653,42.0354135251854
AUS,Australia,2018,1433144978761.67,57410.1737346009,2.87417039499501,1.91140002818579,43.5732253645218
AUS,Australia,2019,1398349602956.35,55194.7585097428,2.19401703622717,1.610770929127,46.0016827052171
AUS,Australia,2020,1333336461648.09,51983.4523666382,-0.133531904304775,0.846900734607273,44.499564103879
AUS,Australia,2021,1560617493202.69,60758.9044397144,2.00694844335034,2.86391284709318,40.2022359390595
AUS,Australia,2022,1695627535475.8,65169.5191118657,4.25304559238732,6.59409658717841,45.6946418805752
AUS,Australia,2023,1734451264655.6,65058.3773146674,3.58382100798981,5.59701792296707,49.044339318428
AUS,Australia,2024,1757022451652.83,64609.9865116088,1.37340773365975,3.16656665428797,47.1453811065195
AUS,Australia,2025,1798518933689.21,65129.7227990563,1.35039785076631,2.87403791660173,45.9014493880126
AUT,Austria,2010,389827789217.634,46611.1393420232,1.80898243043663,1.81353438995062,99.6448825546716
AUT,Austria,2011,428954737064.057,51116.8953522042,2.92746800169145,3.2865791487538,105.775098372378
AUT,Austria,2012,406750487603.59,48250.4059142637,0.628246239479637,2.48567562177015,105.840791389706
AUT,Austria,2013,426580502769.417,50305.3545774973,-0.250726423318454,2.00015616900597,104.985374015367
AUT,Austria,2014,438556021078.034,51314.9722616322,0.755798850316665,1.60581182954474,104.49673998926
AUT,Austria,2015,379546097300.633,43915.228020857,1.30352331826198,0.89656333526032,103.11758174626
AUT,Austria,2016,393687359770.273,45061.4993920192,2.11721964494312,0.891591752655362,101.573494597172
AUT,Austria,2017,414926138132.691,47163.7425775142,2.27224992038207,2.08126911385587,105.556066755438
AUT,Austria,2018,452582294972.775,51194.0749841299,2.48422114080024,1.99837981429549,108.377969971828
AUT,Austria,2019,442983642371.842,49885.9947355204,1.75497619649288,1.53089564152644,108.207284904426
AUT,Austria,2020,434397601557.696,48716.4098900349,-6.31825509209936,1.38191063351854,99.9482141095975
AUT,Austria,2021,480466363176.806,53648.6437976214,4.92309171717903,2.7666666666667,111.032932124165
AUT,Austria,2022,473221298968.216,52336.7725223758,5.33096379400371,8.54686993188458,123.579578652902
AUT,Austria,2023,516670509628.876,56579.504175468,-0.786244288594673,7.81413417002831,115.152914822732
AUT,Austria,2024,534790720466.822,58268.8787651601,-0.659089573171372,2.93791574279376,108.825777834405
AUT,Austria,2025,579470021095.418,62930.0351324599,0.615747280959056,3.52719439956928,107.01983926573
AZE,Azerbaijan,2010,52909294791.9262,5843.5337683582,4.78883248761557,5.72687224669605,74.9859884610856
AZE,Azerbaijan,2011,65952796427.9473,7189.81869211976,-1.5729973511111,7.8583333333334,80.5080450059522
AZE,Azerbaijan,2012,69679944504.1972,7495.86527658099,2.20293891708398,1.06621339720303,78.263069540422
AZE,Azerbaijan,2013,74160560123.6902,7875.34536661549,5.84341590483928,2.41571745279419,74.6758447629851
AZE,Azerbaijan,2014,75239785452.1022,7890.84028062087,2.79758521448559,1.37344181533176,69.4832251953347
AZE,Azerbaijan,2015,53076235354.746,5500.50364628486,1.04954641215085,4.02768573742726,72.6015079073189
AZE,Azerbaijan,2016,37866996882.9157,3880.6852276838,-3.06359842251706,12.4433748584372,90.0773187345677
AZE,Azerbaijan,2017,40866627351.9817,4147.1981423222,0.153614661745507,12.9359184187335,90.4023156823216
AZE,Azerbaijan,2018,47112470051.7701,4739.7943123408,1.50040167167313,2.26854690373999,91.6725765369825
AZE,Azerbaijan,2019,48174235294.1176,4805.75371765917,2.47980879185565,2.61057182799215,85.8181454084561
AZE,Azerbaijan,2020,42693000000.0,4229.91064904503,-4.19896065333343,2.75980947008127,72.0178676487811
AZE,Azerbaijan,2021,54825411764.7059,5408.04535175023,5.61644027150554,6.65029912708779,76.286865687015
AZE,Azerbaijan,2022,78807470588.2353,7770.594223351,4.71468033247649,13.8522590144267,86.9822732541779
AZE,Azerbaijan,2023,72428470588.2353,7133.02838048328,1.35447749115767,8.78543049849081,83.5358861156321
AZE,Azerbaijan,2024,74426000000.0,7294.64276088105,4.15806800428062,2.21217188919901,82.5675246316515
AZE,Azerbaijan,2025,75937647058.8235,7410.72281660142,1.44985591122698,5.62208788068338,79.8295815452306
BEL,Belgium,2010,481556503720.001,44197.393671162,2.71031150254662,2.18929920422458,150.162563621427
BEL,Belgium,2011,527196649048.639,47760.8298776546,1.93115502411325,3.5320821072274,160.765516888126
BEL,Belgium,2012,498414364944.961,44874.1709182123,0.215803612089744,2.83966343445899,160.383301425059
BEL,Belgium,2013,524097026598.55,46964.5946777056,0.305494549070232,1.1130959402754,157.573622782434
BEL,Belgium,2014,537987419164.351,47995.7786961339,1.76554038149924,0.340002833356922,158.571610953523
BEL,Belgium,2015,461044767544.531,40893.804537772,1.47416433731927,0.561429152790158,155.068682045926
BEL,Belgium,2016,474271566739.729,41854.5498296444,1.19350273007754,1.97385264653163,159.057696611945
BEL,Belgium,2017,500908767351.53,44035.3239358548,1.47446761556785,2.12597086002616,166.904078237791
BEL,Belgium,2018,542638913427.921,47487.2100392561,1.87796847383565,2.05316499865178,168.277692877218
BEL,Belgium,2019,536726344405.489,46716.6227467964,2.4428900448156,1.43681956996438,165.46547893199
BEL,Belgium,2020,529694473501.791,45906.2875805246,-4.7929839083518,0.740791812220344,156.950121282783
BEL,Belgium,2021,598522422241.851,51658.238294958,6.25445686466593,2.44024851144084,177.381912201075
BEL,Belgium,2022,591474463578.602,50639.0264882739,4.02460852835887,9.597511728725,191.053418131592
BEL,Belgium,2023,650779364363.737,55244.68145811,1.56125539542029,4.04901077613941,165.987440736442
BEL,Belgium,2024,670983130618.828,56581.9375642531,1.09775383828703,3.14349136500041,159.023481148927
BEL,Belgium,2025,725466462859.646,60750.2735864647,0.983117967125935,2.46705543774613,152.917788719365
BEN,Benin,2010,9535345015.78355,973.244254931526,2.11406472648392,2.20783532536524,51.4308599492924
BEN,Benin,2011,10693321363.6574,1059.41358852588,2.96375291904201,2.7042390774728,47.2170288118403
BEN,Benin,2012,11141358115.8991,1071.5258366283,4.811223315688,6.74468253340712,50.7367367791134
BEN,Benin,2013,12517845123.9315,1168.92699279226,7.19143372144946,0.428888888888884,59.2001918331875
BEN,Benin,2014,13284527846.9081,1204.39918670094,6.35767909791932,-0.548757550948181,65.2682749404551
BEN,Benin,2015,11388160996.7738,1002.41886879614,1.77815106030278,0.218785923536245,56.7563131849476
BEN,Benin,2016,11821065853.3838,1010.5338961993,3.33967342629693,-0.793310145785624,58.9869283378276
BEN,Benin,2017,12701655836.9467,1054.97408066814,5.67156195150444,0.0432648555103608,61.4765969588474
BEN,Benin,2018,14262408089.9261,1151.7409703472,6.69725362180888,0.919170717886054,61.7951944903448
BEN,Benin,2019,14391686313.4641,1130.82135339795,6.86568662848335,0.732849371241066,63.68133231423
BEN,Benin,2020,15686741883.934,1200.19426557789,3.84879240030133,3.02272119663759,44.8332333768726
BEN,Benin,2021,17687623530.3355,1318.65158075198,7.1554516457574,1.73353962694036,48.0548608324409
BEN,Benin,2022,17425405090.862,1266.42711031904,6.25294705373625,1.35077863583527,44.3815928877424
BEN,Benin,2023,19673291004.1444,1394.17784721831,6.3527773854442,2.73870078406075,44.6631308180211
BEN,Benin,2024,21482643706.4249,1485.38018885134,7.45311566226201,1.16093089640415,40.6398022401523
BEN,Benin,2025,24566420903.5337,1658.27312662991,8.07408453688336,1.10155247902978,37.1169356248994
BFA,Burkina Faso,2010,10109619740.6994,624.957252224766,8.44628157707625,-0.764230734676768,49.0732385398039
BFA,Burkina Faso,2011,12080295977.5632,725.024767725475,6.62256261306693,2.75976724854534,57.4972531038508
BFA,Burkina Faso,2012,12561015156.5683,731.470138867833,6.45267237953146,3.8181524025238,61.2386079818398
BFA,Burkina Faso,2013,13444300485.8412,759.762065168498,5.79258484509867,0.533738507090536,64.0358513024234
BFA,Burkina Faso,2014,13943016076.7436,764.861675106225,4.32684561452976,-0.258089517535291,58.8235624937426
BFA,Burkina Faso,2015,11832159315.6298,630.124750752312,3.9212287937935,0.724838981070517,59.0891813101662
BFA,Burkina Faso,2016,12833363045.3367,663.742364842886,5.95797670754024,0.441041448058809,57.8931727994406
BFA,Burkina Faso,2017,14106955615.3442,709.091535894695,6.20348941121868,1.48299897161326,59.2687802020168
BFA,Burkina Faso,2018,15890066221.2882,777.465618514048,6.60456906812341,1.95594302672532,60.5956256236488
BFA,Burkina Faso,2019,16032813503.3707,764.853077774946,5.88920497068135,-3.23338933983322,60.4086928753226
BFA,Burkina Faso,2020,17725010532.5268,825.237038782475,2.01077262406221,1.88470066518847,60.7397786403239
BFA,Burkina Faso,2021,19697516284.3787,895.535288442991,6.94252492572348,3.65326761825509,62.4203586607795
BFA,Burkina Faso,2022,18622421394.6133,827.330843486661,1.62673258211919,14.2902354303358,67.5202901331655
BFA,Burkina Faso,2023,20106062971.6533,873.198061670247,3.00027415814125,0.742910428668918,63.1530435873964
BFA,Burkina Faso,2024,23136514855.7646,982.493100418428,4.83395810163883,4.19081721344523,60.492898852298
BFA,Burkina Faso,2025,27627297461.3181,1147.57131635601,5.29461839319283,-0.586235316330579,65.0029506969427
BGD,Bangladesh,2010,115275540051.262,757.385280361508,5.57178818533122,8.12667639169917,37.8028426708321
BGD,Bangladesh,2011,128607482310.357,837.336944695647,6.46437912497728,11.3951651552399,47.4208498356898
BGD,Bangladesh,2012,133310747603.483,859.680536375497,6.52145877906443,6.21750422069284,48.1109227490467
BGD,Bangladesh,2013,149998957434.186,958.262989798283,6.01360565834344,7.53040640913172,46.2964027228174
BGD,Bangladesh,2014,172886611653.786,1094.46199702838,6.0610593588495,6.99163889220849,44.5140801968096
BGD,Bangladesh,2015,195146608978.131,1224.38647668165,6.55263987816197,6.19428022984984,42.0859963070382
BGD,Bangladesh,2016,265224515675.034,1649.28380858601,7.11347821270093,5.51352572692995,31.3341501346142
BGD,Bangladesh,2017,293732446624.596,1811.08221668646,6.59024999794057,5.70207015717239,29.9997306724343
BGD,Bangladesh,2018,321362752441.78,1965.24372731467,7.31941263014136,5.54362139486476,32.5146317240884
BGD,Bangladesh,2019,351231654603.692,2129.79896954606,7.88191515117722,5.59199639930629,31.5780544912404
BGD,Bangladesh,2020,373979442362.193,2248.85078828233,3.44801755122445,5.69107474746211,26.271447376215
BGD,Bangladesh,2021,416271647911.014,2482.84917843357,6.93867912442445,5.54565430773473,27.7240047036631
BGD,Bangladesh,2022,460131689083.083,2716.48592780431,7.09982877575158,7.69695437176898,33.7799672705735
BGD,Bangladesh,2023,437415333018.291,2551.01773827307,5.77511237007889,9.8835030377921,30.9829714104596
BGD,Bangladesh,2024,450119432068.852,2593.41611680774,4.22325911250161,10.4657482763412,26.7780758040478
BGD,Bangladesh,2025,456319229255.578,2597.34352335275,3.48990671836833,8.7687628116114,27.9505840425563
BGR,Bulgaria,2010,50691645231.0083,6854.2987837778,1.55536266288017,2.43899060504117,103.380518426721
BGR,Bulgaria,2011,57684243980.4624,7849.98219737366,2.09017598337418,4.21990346601872,117.418101416931
BGR,Bulgaria,2012,54299825600.0647,7432.33753378983,0.748814556346105,2.95456829831012,123.97132336227
BGR,Bulgaria,2013,55822115861.1854,7796.37945241455,-0.542753400392826,0.890093540913096,129.688685003845
BGR,Bulgaria,2014,57083817239.8145,8070.01289303544,0.949449772002041,-1.4181838026484,130.248372124871
BGR,Bulgaria,2015,50768512172.9373,7269.02586513711,3.39755351999294,-0.104633261008479,126.736652288689
BGR,Bulgaria,2016,53932152153.5457,7822.89886431732,3.02662820096305,-0.798649886453617,122.805519071127
BGR,Bulgaria,2017,59170671046.4798,8697.13373333715,2.74592737750996,2.06159619443141,129.634433774038
BGR,Bulgaria,2018,66100606676.6544,9849.88769989118,2.33015054210419,2.81454473824838,129.166502231244
BGR,Bulgaria,2019,68511235459.4907,10354.2500414088,3.79331964589196,3.10372944796771,125.260415075086
BGR,Bulgaria,2020,70490478088.1395,10760.7616180234,-3.13323543125917,1.67244096855756,110.423903082333
BGR,Bulgaria,2021,84378926047.3002,12966.8085197381,7.82817310703665,3.29774435299506,121.214091012604
BGR,Bulgaria,2022,90510784777.6397,13999.9113358453,4.08386398118941,15.3252589264367,138.844872770267
BGR,Bulgaria,2023,102204457334.822,15854.0192893772,1.68151075832925,9.44284140088564,119.899505851916
BGR,Bulgaria,2024,113349149166.793,17596.9167621233,3.38708962009333,2.44651943006079,110.226317731322
BGR,Bulgaria,2025,130777235529.606,20328.1667065538,3.0963663917961,4.58084355235697,102.514263507931
BHR,Bahrain,2010,26805984042.5532,21819.3291098099,4.3342989754845,1.96188468334623,115.561486449616
BHR,Bahrain,2011,29914680851.0638,25032.7867743333,1.92815791170796,-0.40004069748808,167.529641035854
BHR,Bahrain,2012,31963404255.3191,26438.6733230428,3.80302899043062,2.75739669962979,178.824020821684
BHR,Bahrain,2013,33823324468.0851,26989.7601148469,5.29262224906203,3.30001156888442,184.58950884485
BHR,Bahrain,2014,34772526595.7447,26451.7965647453,4.30885692657077,2.64755321246189,168.57585814186
BHR,Bahrain,2015,32523297872.3404,23734.0551143019,2.50787205267615,1.84862742374977,147.916060172904
BHR,Bahrain,2016,33884680851.0638,23800.001440631,3.81499327422425,2.78679347602044,132.822997902774
BHR,Bahrain,2017,37204813829.7872,24784.7693514607,4.95383534123657,1.38671830576406,136.429239810394
BHR,Bahrain,2018,39567978723.4043,26324.4066549559,2.05258864979861,2.08766938046978,144.075372574535
BHR,Bahrain,2019,40446808510.6383,27259.7438599327,2.05287774418655,1.00582004702137,135.417543398211
BHR,Bahrain,2020,35837632978.7234,24342.8444554718,-5.9113629524152,-2.31770629331379,135.460985012931
BHR,Bahrain,2021,40840212765.9574,27147.8083882286,4.35004091668986,-0.60631938514085,153.799316485108
BHR,Bahrain,2022,46458191489.3617,30470.5219276023,6.18016125475185,3.62574104304482,167.141241152535
BHR,Bahrain,2023,46192260638.2979,29290.1284215098,3.87811614845566,0.0746206782192256,157.447854682297
BHR,Bahrain,2024,47210732712.766,29717.1424605273,2.89710543153512,0.919635459817651,157.480869430187
BHR,Bahrain,2025,48965725531.9149,30596.5794898885,3.48137573668635,-0.137708855447902,
BIH,Bosnia and Herzegovina,2010,17176315803.7298,4506.47828548389,0.865667236280544,1.99621236745887,80.9682159626823
BIH,Bosnia and Herzegovina,2011,18644233537.1093,4982.69375768263,0.959511709726897,3.67125,87.8363477136556
BIH,Bosnia and Herzegovina,2012,17226735995.6905,4693.78899115381,-0.821837252962993,2.05267452001717,88.1451088628529
BIH,Bosnia and Herzegovina,2013,18179109209.3892,5034.56634817068,2.34985873172397,-0.0930456838317588,87.9312380280562
BIH,Bosnia and Herzegovina,2014,18558734107.1478,5206.06573475132,1.15384793371298,-0.897194054194333,90.5522780395662
BIH,Bosnia and Herzegovina,2015,16404348361.0926,4662.25869219448,4.28413016137854,-1.03602303425474,88.291992587588
BIH,Bosnia and Herzegovina,2016,17116926553.8513,4928.5665903114,3.24225822231566,-1.58400833333336,88.2440340022738
BIH,Bosnia and Herzegovina,2017,18326373135.6099,5345.01978766473,3.24409895306594,0.810039425333895,96.6458803566861
BIH,Bosnia and Herzegovina,2018,20484058033.1144,6047.84707207392,3.82900399349064,1.41710814018034,98.4320694182631
BIH,Bosnia and Herzegovina,2019,20482608984.3316,6122.37541352353,2.88585242083978,0.56278215406123,94.516125154246
BIH,Bosnia and Herzegovina,2020,20226038369.9191,6130.31187968266,-3.01509335460439,-1.0512960076349,82.5216467994007
BIH,Bosnia and Herzegovina,2021,23672712121.2671,7295.34378682258,7.39164256472846,1.98163900587622,96.7391144408744
BIH,Bosnia and Herzegovina,2022,24534663636.1778,7655.59421024383,4.22681333390325,14.0208440826771,110.205283719751
BIH,Bosnia and Herzegovina,2023,27592361498.4057,8663.02326458629,1.99439414850893,6.1059011284828,99.6330317954442
BIH,Bosnia and Herzegovina,2024,29737363103.0492,9397.90942855997,3.22679979810856,,94.7601778509961
BIH,Bosnia and Herzegovina,2025,32599982936.3931,10381.8460703874,2.12861913138053,,95.1215717200063
BLR,Belarus,2010,57231904542.8755,6034.67885177216,7.75001707500896,7.73574804312515,115.917972989303
BLR,Belarus,2011,61762382327.9319,6527.6593428786,5.54997471638077,53.2286983118172,157.974255073313
BLR,Belarus,2012,65685890438.8922,6953.21591683101,1.70785253368828,59.2197360232519,153.085269313372
BLR,Belarus,2013,75527558966.4473,7998.0802045456,0.998719299661161,18.3122610377873,119.815965235724
BLR,Belarus,2014,78813069120.9984,8341.31809294883,1.65112470228097,18.1195543526734,110.651424367582
BLR,Belarus,2015,56454769844.7632,5967.05595058777,-3.82957056812593,13.5344897649734,115.914826201946
BLR,Belarus,2016,47723545321.259,5039.77560949445,-2.5264464460425,11.8365807653497,125.209322899662
BLR,Belarus,2017,54725405751.1559,5785.54491935194,2.53218349471909,6.03183725177795,133.367754723012
BLR,Belarus,2018,60031026576.26,6360.037502312,3.14919758275296,4.87230220550686,139.393736250171
BLR,Belarus,2019,64410170653.4569,6837.77339645635,1.44645548204305,5.59815595039848,130.850406102184
BLR,Belarus,2020,61371673344.7424,6542.85579976768,-0.672742918585868,5.54814357456519,118.934176146534
BLR,Belarus,2021,69673747131.87,7489.71894713888,2.43886210234947,9.46028389623099,136.014167877476
BLR,Belarus,2022,73775179924.603,7994.64806074889,-4.65839591328999,15.209675274081,120.024207576094
BLR,Belarus,2023,72478760370.4258,7896.75388295584,4.12654007153881,5.0005990309131,131.584674884961
BLR,Belarus,2024,78591839299.7087,8605.60954569694,4.34999638140579,5.78531910428005,128.242832314614
BLR,Belarus,2025,93397215864.198,10279.2547190723,1.29999999999998,6.59877945951182,112.107625821378
BLZ,Belize,2010,1748988400.0,5461.40735999001,1.41741099233461,0.917977378808888,94.8581591507411
BLZ,Belize,2011,1831576700.0,5596.05222152289,-0.13007112300869,1.602056156402,106.914960208874
BLZ,Belize,2012,1917083500.0,5732.66519942347,3.94389321816617,1.30058074547858,111.166652365429
BLZ,Belize,2013,2035191450.0,5957.34953619006,4.06646561608865,0.50974776898322,108.672614067831
BLZ,Belize,2014,2138242200.0,6128.12053089077,3.89226067249989,1.20139964481058,107.112517468788
BLZ,Belize,2015,2193095150.0,6154.62264230369,2.7602602736023,-0.861584009427748,104.070958799941
BLZ,Belize,2016,2239604950.0,6140.86713919469,-0.0187414958130319,0.663427167917601,96.4998358304218
BLZ,Belize,2017,2266028250.0,6071.85451846453,-1.83323729057784,1.14765339305816,97.7072571800462
BLZ,Belize,2018,2285915050.0,6011.99036888587,0.822068592512508,0.269982622646335,100.989214362975
BLZ,Belize,2019,2381187850.0,6171.61449761423,4.25658710030072,0.187069385181424,102.441856907677
BLZ,Belize,2020,2047284600.0,5238.54078175696,-13.5228997055506,0.121434644614894,81.6431433128545
BLZ,Belize,2021,2428606250.0,6142.98930557031,17.9899244143607,3.23563659237071,98.9824369429997
BLZ,Belize,2022,2846604350.0,7068.21728043145,9.25051329530994,6.27689319447544,107.840250086037
BLZ,Belize,2023,3052362650.0,7424.75821321022,0.500127941638667,4.38984017487675,106.400505850771
BLZ,Belize,2024,3203631800.0,7681.24400583113,3.50466435023895,3.28955985952768,108.972446521476
BLZ,Belize,2025,3326500000.0,7865.47937690933,2.74831731763744,1.06281547952896,
BOL,Bolivia,2010,19649723722.1034,1929.78373077158,4.12672258996274,2.50327605844241,75.5116262512877
BOL,Bolivia,2011,23963164696.592,2315.52121930607,5.20409245282328,9.88446419823883,82.4803954243518
BOL,Bolivia,2012,27084497481.9103,2575.59857098084,5.12227560125973,4.51560291399376,84.9487611684942
BOL,Bolivia,2013,30659338885.6729,2870.02377000756,6.79601141268498,5.73640023719607,81.2309075267174
BOL,Bolivia,2014,32996188017.3661,3041.43503162408,5.46056949136766,5.76660074579144,85.2644695625131
BOL,Bolivia,2015,33000198248.9146,2996.01289811344,4.85718718508603,4.05961041135645,67.9328451905248
BOL,Bolivia,2016,33941126193.9219,3035.87347732132,4.26392086992173,3.62321431764138,56.4010345026573
BOL,Bolivia,2017,45927439594.7902,4048.40119739839,4.19520633364647,2.8227580554717,45.5761123650708
BOL,Bolivia,2018,48414038842.2576,4206.8552936661,2.86808404814794,2.27205987230155,46.9261953417368
BOL,Bolivia,2019,49056643589.0014,4203.15492855788,1.50672102666863,1.83954504969026,45.8209732749024
BOL,Bolivia,2020,42313784081.042,3580.96761778303,-12.7194690092717,0.940742153381849,37.5164342446486
BOL,Bolivia,2021,47877892402.3155,4010.76053686204,10.0290488827886,0.737383721452275,47.6670843158984
BOL,Bolivia,2022,50959081953.6903,4219.46113742445,3.74741781241461,1.74632872945969,57.5249335789631
BOL,Bolivia,2023,52340206946.4544,4274.70820547613,2.51636590154891,2.57688800489192,49.6083255594597
BOL,Bolivia,2024,54881327452.9667,4421.16609889999,-1.12335595517212,5.09976568317427,46.9778716148403
BOL,Bolivia,2025,64768947525.3256,5147.81081955367,-1.58237567348246,19.517120804733,
BRA,Brazil,2010,2208837745100.55,11403.2821278747,7.52822581815364,5.03872690108075,22.772178113177
BRA,Brazil,2011,2616156223917.69,13396.6243562986,3.97442307944702,6.6364496221309,23.9344051758721
BRA,Brazil,2012,2465227802806.76,12521.7213519966,1.92117598576537,5.40349914036997,25.1142736107398
BRA,Brazil,2013,2472819535557.21,12458.8912138813,3.00482266944432,6.20431066640101,25.7859573274674
BRA,Brazil,2014,2456043727198.85,12274.9939689363,0.503955740242247,6.32904015516139,24.6854058131291
BRA,Brazil,2015,1802212206814.5,8936.19661712113,-3.54576339269425,9.02990102416136,26.95362593736
BRA,Brazil,2016,1795693482853.01,8836.28652735657,-3.27591690782192,8.73914352329393,24.5336820777006
BRA,Brazil,2017,2063514977365.65,10080.5092819305,1.32286905404399,3.44637335032669,24.3197343743057
BRA,Brazil,2018,1916933898010.99,9300.66164923219,1.783666761634,3.66485028376729,28.8762033763866
BRA,Brazil,2019,1873288205059.69,9029.83326681073,1.22077782360842,3.73297621216894,28.8902578698964
BRA,Brazil,2020,1476107231310.49,7074.19378337644,-3.2767587964736,3.21176803803376,32.3020785437939
BRA,Brazil,2021,1670647398904.9,7972.5366498646,4.76260437908608,8.30165975585673,37.6563307598082
BRA,Brazil,2022,1951923942083.32,9281.33334441234,3.01669435393015,9.28010608956873,38.8160659763397
BRA,Brazil,2023,2191131765684.63,10377.5892792557,3.24165532906981,4.59356282283204,33.6662298301438
BRA,Brazil,2024,2185821610689.31,10310.5486973693,3.41931516501906,4.36746407652337,35.5845239386244
BRA,Brazil,2025,2279920092492.13,10713.2856869511,2.2857464902475,5.01675279604836,35.2914822615074
BRN,Brunei Darussalam,2010,13707121038.4383,34937.5555357155,2.74136439456163,0.356869132017561,95.3715460226132
BRN,Brunei Darussalam,2011,18524791062.657,46382.8274255349,3.74440625524871,0.13791156316954,99.5379309038179
BRN,Brunei Darussalam,2012,19048443340.7732,46968.5971164922,0.913135189664487,0.111766261400307,105.640902140819
BRN,Brunei Darussalam,2013,18094148098.6536,44003.0644273461,-2.12478292664558,0.389205053123632,110.939599584216
BRN,Brunei Darussalam,2014,17097797386.0336,41026.5084247957,-2.50788727590711,-0.207108731719822,102.421000963035
BRN,Brunei Darussalam,2015,12930296870.1247,30625.1287744656,-0.392383749502031,-0.488347420743522,89.8961882533585
BRN,Brunei Darussalam,2016,11400266044.6651,26663.2972950602,-2.47791771833224,-0.278693265753083,87.319801332806
BRN,Brunei Darussalam,2017,12128168045.1245,28024.3824580252,1.32872661057823,-1.2605056462896,85.1768604269985
BRN,Brunei Darussalam,2018,13566908391.0895,30988.1190267227,0.0523710418528935,1.02505179290212,93.8980617666778
BRN,Brunei Darussalam,2019,13469235364.7032,30426.5730656528,3.86884436177075,-0.390522069165529,108.509658357959
BRN,Brunei Darussalam,2020,12005799653.9835,26834.3592233943,1.1335733495246,1.94031996607184,110.291003658452
BRN,Brunei Darussalam,2021,14006496617.4458,31006.9636289785,-1.59076260099606,1.73341388450593,147.123112375318
BRN,Brunei Darussalam,2022,16681536466.7183,36632.9280952155,-1.62833154515108,3.68225030604216,146.973965879597
BRN,Brunei Darussalam,2023,15095084656.1634,32890.5491812019,1.12764418162719,0.35706431153689,136.86343465048
BRN,Brunei Darussalam,2024,15340808592.48,33153.4738913513,4.05251709306727,-0.388674165036461,132.58743952196
BRN,Brunei Darussalam,2025,15031980994.1121,32234.6428368582,0.66956214816436,-0.302994414446762,123.609124931602
BTN,Bhutan,2010,1708880730.20989,2435.5798056672,11.9318738376229,7.03638316073019,105.010666693593
BTN,Bhutan,2011,1977728658.68259,2787.97967608562,8.4892584842808,8.848985699468,102.795600221106
BTN,Bhutan,2012,1973387227.96519,2751.2128864294,5.16482012683895,10.919656944683,94.0450271469571
BTN,Bhutan,2013,1943696951.65411,2679.95217201538,1.73634039505693,8.77638345268213,95.0525382780424
BTN,Bhutan,2014,2089079570.58285,2849.49998647303,5.88108550658288,8.27106093949328,87.9342562013295
BTN,Bhutan,2015,2187815803.36833,2954.04081911097,6.66080128866197,4.54814395082205,89.6391604595496
BTN,Bhutan,2016,2357504760.78592,3152.30905106786,8.47594339232963,3.21988689395718,76.3847528498375
BTN,Bhutan,2017,2591358009.20276,3435.28804735662,2.08684522733067,4.95508366985129,76.7884016850221
BTN,Bhutan,2018,2583335721.85904,3400.20417245342,3.50187185732737,2.72396386183713,79.7397203296083
BTN,Bhutan,2019,2735683570.46155,3576.87987100503,5.75514851246506,2.72643037388832,76.1235167041505
BTN,Bhutan,2020,2457604333.90927,3191.66906999331,-10.2183974208569,5.62936522632508,71.8303510394637
BTN,Bhutan,2021,2768802960.11204,3570.61257980872,4.42136738945015,7.3468144053353,77.5824482709826
BTN,Bhutan,2022,2898227743.75576,3711.32767981591,5.21386783786224,5.6391667139637,85.5712165226139
BTN,Bhutan,2023,3012896789.79753,3831.32535564326,4.63215702969933,4.22934419929251,81.7366278539811
BTN,Bhutan,2024,3346603858.7495,4228.05102403654,7.49856206754038,2.76131569624098,79.3625417953324
BTN,Bhutan,2025,3579320145.13077,4492.78400306618,8.00502716233098,3.55513663074987,
BWA,Botswana,2010,12637273429.1339,6215.73216077919,10.119723322694,6.94887658743103,94.6390020873926
BWA,Botswana,2011,15110643612.1729,7287.38295334919,6.83841052493574,8.45987233408583,98.9614677801469
BWA,Botswana,2012,13907464500.1489,6595.53845015424,-0.170857099335691,7.53690261091916,111.875280620952
BWA,Botswana,2013,14271738933.2042,6666.91219583487,11.1029068737822,5.88460707056817,125.78303991122
BWA,Botswana,2014,15470088500.7414,7122.36423421503,5.69714422072884,4.40225309243427,119.497541791464
BWA,Botswana,2015,13530748844.505,6141.20394726616,-4.85132507409779,3.06203169580558,112.900891016005
BWA,Botswana,2016,15082637184.0496,6749.05994339013,7.20442475914267,2.81495791361944,100.464689766026
BWA,Botswana,2017,16105155856.7708,7104.96401088027,4.11437856445083,3.30828076768219,81.9239513763494
BWA,Botswana,2018,17031943186.1353,7407.95940141786,4.18869237159223,3.23801558947715,87.4551039946493
BWA,Botswana,2019,16725908148.5481,7172.08956480028,3.0317733945467,2.77286442863321,83.0929813601175
BWA,Botswana,2020,14960251607.8135,6323.2974967659,-8.72888243996397,1.8903591682421,80.3250344865506
BWA,Botswana,2021,18750182236.2211,7807.88794570471,11.9162724376008,7.24097765588442,91.0478497403998
BWA,Botswana,2022,20321150599.1523,8328.7090572666,5.48601706446772,11.665567478802,86.0696039867252
BWA,Botswana,2023,19413614554.6944,7827.30027960734,3.20806812224438,5.0676154934383,70.1128327324509
BWA,Botswana,2024,19286251067.5078,7649.81663744354,-2.77988981666252,2.81835131676251,69.4453508747185
BWA,Botswana,2025,19928479839.4476,7778.1151090571,-0.733898323852287,2.6597506179431,69.5446677858652
CAN,Canada,2010,1617349192091.46,47560.8378831258,3.09080633744851,1.77687154092627,60.2079046752442
CAN,Canada,2011,1793335727900.85,52224.1237767406,3.1371944343876,2.91213508872351,62.4984217100546
CAN,Canada,2012,1828359477071.97,52670.1429540952,1.75566133205234,1.51567823124517,62.5957887432013
CAN,Canada,2013,1846583831414.43,52637.7313222622,2.32581356612762,0.938291897815317,62.2315329073432
CAN,Canada,2014,1805751688808.98,50960.8942086685,2.87346675579731,1.90663590717861,64.3785976132125
CAN,Canada,2015,1556510380200.23,43594.2379080706,0.64997101491096,1.12524136094277,66.1648355844224
CAN,Canada,2016,1527996250640.92,42314.1033623905,1.03855091989323,1.42875954701085,65.3636199818813
CAN,Canada,2017,1649269496514.62,45129.7335281051,3.03383491841392,1.59688412852977,65.1009087910845
CAN,Canada,2018,1725330736237.69,46539.2177903178,2.74296341402246,2.26822567248103,66.59982627163
CAN,Canada,2019,1743728952156.85,46352.9695208927,1.90843193887251,1.94926902411593,66.1713422730605
CAN,Canada,2020,1655686966881.99,43537.8981198851,-5.03823342794087,0.716999632307827,61.1566883386797
CAN,Canada,2021,2022377950896.78,52886.6407813788,5.95052804984759,3.39519318527528,62.2468612630348
CAN,Canada,2022,2200562785046.32,56496.9275340663,4.69541985045903,6.80280115341613,66.9531620692051
CAN,Canada,2023,2196593836347.42,54847.5370112652,1.95308552199025,3.87900159788426,66.5745425015033
CAN,Canada,2024,2270076189683.46,55015.7066917734,2.04626605401701,2.38158383281173,65.1214987304374
CAN,Canada,2025,2319899772425.92,55697.6639660837,1.74268536175708,2.07232411149103,63.5105049692227
CHE,Switzerland,2010,609999593541.9,77956.1262043942,3.26063082122047,0.688238707219975,119.202460523177
CHE,Switzerland,2011,727231637101.778,91910.3964565203,1.40766067483813,0.2313492076509,125.047367558638
CHE,Switzerland,2012,697882536676.898,87269.5594780124,1.12413575027705,-0.692552018105163,125.865940588688
CHE,Switzerland,2013,718748402259.576,88851.2374497983,1.83612392927999,-0.217323155115673,132.800535321539
CHE,Switzerland,2014,741168119616.628,90511.6484558843,2.54342347675991,-0.0132025387515946,119.230530793932
CHE,Switzerland,2015,706199008878.656,85265.06205193,1.45450336491099,-1.14390867228178,116.370019931647
CHE,Switzerland,2016,698607778794.566,83432.4111596314,1.91159094214852,-0.434618664285815,122.941735178779
CHE,Switzerland,2017,706660443624.485,83610.248611484,1.42034612231261,0.533787839825876,122.948395589146
CHE,Switzerland,2018,740766531453.991,87002.3382293532,3.32743256101493,0.936335464113572,123.499829706856
CHE,Switzerland,2019,736384764156.877,85872.9702303454,1.11532187197474,0.362886179940674,123.022509832864
CHE,Switzerland,2020,756096180222.082,87529.7016394892,-2.2552579425106,-0.725874933313403,121.451100609762
CHE,Switzerland,2021,840710023481.35,96582.8687080693,6.17622836050151,0.581814168489856,128.004119652561
CHE,Switzerland,2022,858479038993.75,97809.095567203,3.53430286842426,2.83502798644451,136.235871048363
CHE,Switzerland,2023,928435275851.707,104449.75451772,0.825560934124624,2.13540088016387,129.7371945484
CHE,Switzerland,2024,969919786394.884,107702.065940312,1.39033363875791,1.06234041976595,130.354516041578
CHE,Switzerland,2025,1043529899250.92,114769.012314293,1.30007790958307,0.154376978290185,147.162051317959
CHL,Chile,2010,217051209238.534,12632.8704724192,5.85165102224047,1.41071107954321,69.7176802332624
CHL,Chile,2011,251382573893.87,14487.3927832032,6.22389678509138,3.34121694259302,72.481642209343
CHL,Chile,2012,267024782486.855,15241.9069981119,6.15534001855494,3.00744840213047,68.1561435339271
CHL,Chile,2013,277395018842.417,15683.5486369155,3.30850824710085,1.7895555398459,65.1432877063737
CHL,Chile,2014,259560978224.359,14529.6767206336,1.79264947139259,4.71867527854672,65.6346274347707
CHL,Chile,2015,242450355830.884,13433.9202987032,2.15194249981184,4.34877353217044,59.3491105681231
CHL,Chile,2016,249344863928.438,13649.8520452803,1.753038749071,3.78619355893118,56.0578603070995
CHL,Chile,2017,276154259981.097,14879.9086227187,1.35769537343957,2.18271846868519,56.0261586393213
CHL,Chile,2018,295857562991.709,15659.4808675628,3.99002947789977,2.43488981353057,58.1770513035882
CHL,Chile,2019,278308438545.118,14496.9345640362,0.644223402631923,2.55754475703327,57.6069157856537
CHL,Chile,2020,254103710483.324,13117.9930230086,-6.1396969411886,3.04549084804326,58.1687693933374
CHL,Chile,2021,315507493783.262,16216.1840860289,11.3374032409913,4.52456838259144,64.8399924791736
CHL,Chile,2022,301099244104.003,15399.1044717559,2.06391864254198,11.643866711056,75.2334197533759
CHL,Chile,2023,335802745366.38,17081.5180740049,0.677024831595858,7.58168251407962,60.6766444736157
CHL,Chile,2024,329260633698.726,16658.9652720351,2.80512637106611,4.29763891572524,63.9577465302563
CHL,Chile,2025,357371159574.862,17994.5911957485,2.45925474781374,4.21293601694293,64.984377042281
CHN,China,2010,6192564874453.29,4629.24551710077,10.5916903885704,3.17532475269199,49.8540722338977
CHN,China,2011,7671757207851.29,5703.76027973346,9.46205248298186,5.55389892257493,49.9458272253643
CHN,China,2012,8673664713189.24,6405.0574241349,7.8578201481217,2.61952432645541,47.4802130784317
CHN,China,2013,9743124247267.24,7147.03518622344,7.77842954757257,2.62105001748115,45.9160413795571
CHN,China,2014,10674533168257.4,7781.06597484974,7.46100735778161,1.92164162788521,44.0684564812532
CHN,China,2015,11280814787468.9,8175.33285077393,6.98162255562367,1.43702380935655,38.6971848362625
CHN,China,2016,11456024084962.0,8254.86859320357,6.7736886867727,2.00000182191943,36.177170692978
CHN,China,2017,12537559062282.9,8979.67652709856,6.89123916636191,1.59313600071436,36.95085261586
CHN,China,2018,14147765772963.8,10085.6638148819,6.757806142324,2.07479039965576,36.8943843914718
CHN,China,2019,14560167101283.4,10342.9009524335,6.06737806333672,2.89923416358227,35.4544350281407
CHN,China,2020,14996414166715.1,10627.4637989619,2.33950385203023,2.41942189457782,34.337778473884
CHN,China,2021,18201698719564.0,12887.4357242941,8.57038414981781,0.981015135544882,36.6428789643754
CHN,China,2022,18316765021690.2,12970.6056414327,3.13385438394069,1.97357555739051,37.512555678171
CHN,China,2023,18270356654533.2,12951.1782397043,5.41600334492955,0.234836828893051,36.7391496938394
CHN,China,2024,18729668435848.0,13293.1162269366,4.95830378788091,0.218128938439177,37.9560601372544
CHN,China,2025,19498039388042.6,13861.970224368,4.95994886240992,0.0595646916565403,37.9563878652312
CIV,Cote d'Ivoire,2010,34936307980.063,1553.54887048143,6.84804939907013,1.2264561213548,67.472940081257
CIV,Cote d'Ivoire,2011,36693710801.3976,1596.62826565998,-5.37044724000579,4.9124339505245,64.7159030611345
CIV,Cote d'Ivoire,2012,36302302877.2977,1546.9460184731,7.62041176451649,1.30451119915606,70.3010893191249
CIV,Cote d'Ivoire,2013,42760235484.6093,1786.15862031324,10.7602131311256,2.58117037252936,58.3526792527234
CIV,Cote d'Ivoire,2014,48843005613.7091,1991.36539423404,9.37199994240375,0.448682076766141,53.6804175610344
CIV,Cote d'Ivoire,2015,45815005169.2651,1814.71855088017,7.19494942728191,1.25149954781468,52.7153604615931
CIV,Cote d'Ivoire,2016,48407761036.8238,1862.59597081287,7.17275963956332,0.723178457513308,47.5655783613535
CIV,Cote d'Ivoire,2017,52512343996.69,1964.29930338343,7.41076242592504,0.685881065304603,48.6625074729482
CIV,Cote d'Ivoire,2018,58522477786.6889,2130.86619381144,4.84314605889178,0.401297817263547,46.0375087102874
CIV,Cote d'Ivoire,2019,60382894697.3557,2141.76836170115,6.72137167584978,0.790855512053661,44.6604105830795
CIV,Cote d'Ivoire,2020,63027852805.4204,2179.72934832935,0.699728593494228,2.41252617189053,41.9426318190526
CIV,Cote d'Ivoire,2021,72794636653.7793,2455.98127641148,7.06253713446816,4.15919657911798,45.1140327762435
CIV,Cote d'Ivoire,2022,70922824813.9102,2333.37128301259,6.39988362730921,5.23352856100843,52.8663910413483
CIV,Cote d'Ivoire,2023,80780312569.1646,2591.9659048119,6.60000045209176,4.36972254867474,48.8170039103332
CIV,Cote d'Ivoire,2024,87113179149.284,2727.8935220697,6.0195346193922,3.45053028131019,51.2649845400983
CIV,Cote d'Ivoire,2025,99773555666.1988,3050.10202257321,6.4999999999999,0.125038772593104,54.5579069336573
CMR,Cameroon,2010,27507501821.0296,1398.58702025047,2.89902472122014,1.27538046242338,47.2385853965951
CMR,Cameroon,2011,30630910495.217,1513.96056994878,3.37921128506045,2.93969946305091,51.521987603918
CMR,Cameroon,2012,30155062329.2821,1449.09874362279,4.62597872209571,2.73529677529539,50.0360127271229
CMR,Cameroon,2013,33728621180.3231,1575.92882118897,4.99552916130783,2.05034718001741,49.6745363462134
CMR,Cameroon,2014,36386544706.0806,1649.4433905949,5.71981814509198,1.85489850366777,50.8323893087648
CMR,Cameroon,2015,32210233020.4569,1415.00009710569,5.66695298703932,2.676235314199,45.5401468279393
CMR,Cameroon,2016,33814337044.3765,1441.7201725688,4.53579423678801,0.874190383288856,40.6386315268268
CMR,Cameroon,2017,36098547033.1655,1496.08951771242,3.54117654926007,0.64040914988195,39.1990216052629
CMR,Cameroon,2018,39955552189.795,1610.69641591017,3.95551423892049,1.0688581131292,40.587602877028
CMR,Cameroon,2019,39667757527.6578,1555.22660476477,3.47505998194981,2.45280214062732,43.3785132480415
CMR,Cameroon,2020,40773241177.0505,1555.60370660749,0.259932915907115,2.43760882182236,33.7388313623871
CMR,Cameroon,2021,45011937346.8384,1672.32657340872,3.33885747179505,2.27185762503637,36.7308347188558
CMR,Cameroon,2022,44347206072.5513,1604.87726954895,3.7367840056412,6.24767713343861,41.2866025594679
CMR,Cameroon,2023,48814501547.4313,1720.47510154506,3.34756290750219,7.38281384280984,37.8903321242578
CMR,Cameroon,2024,53296694320.2057,1830.00833684727,3.52472308052245,4.53331349711606,34.4031785915423
CMR,Cameroon,2025,58933453923.761,1972.3815800786,3.20000015616144,3.40373458279055,33.3842706629963
COD,"Congo, Dem. Rep.",2010,24161641931.0331,352.400398754692,8.61867717510543,7.10000000000037,80.9975153909582
COD,"Congo, Dem. Rep.",2011,26392379641.765,372.514273875789,-0.403164081254445,15.316515913949,83.4133637998303
COD,"Congo, Dem. Rep.",2012,30029369928.7318,409.931424783784,8.66859360586926,9.72182806273364,66.7056747465748
COD,"Congo, Dem. Rep.",2013,34891189160.3002,460.370334930107,17.5159124688348,0.808223101487111,72.5557545139014
COD,"Congo, Dem. Rep.",2014,38352980552.8665,489.175952097319,7.30227750870263,1.24303889760803,74.1131729382021
COD,"Congo, Dem. Rep.",2015,40179574490.3032,495.826633014883,6.35973756164829,0.74419899478147,57.7539236163245
COD,"Congo, Dem. Rep.",2016,38600224214.4728,459.765036590388,0.393832798154563,2.88585107289988,68.0083342860132
COD,"Congo, Dem. Rep.",2017,37537521565.5308,431.052559128788,4.24121047272719,,65.9184525277578
COD,"Congo, Dem. Rep.",2018,46659954092.4862,518.169626875371,6.07168870646615,,72.5591739081336
COD,"Congo, Dem. Rep.",2019,46845900350.0332,504.00419142286,0.555384294580819,,60.9143523742792
COD,"Congo, Dem. Rep.",2020,46691989748.9186,486.425572682256,0.775427992354622,,61.0284707727916
COD,"Congo, Dem. Rep.",2021,59067289573.5102,595.743074403567,6.42961005647355,,75.3870523860732
COD,"Congo, Dem. Rep.",2022,70422346142.2023,687.738587554685,9.31116944064918,,85.8221691879958
COD,"Congo, Dem. Rep.",2023,69843655425.2929,660.21205238997,8.5334898318451,,86.7400581798289
COD,"Congo, Dem. Rep.",2024,75716176105.0704,692.887665085098,6.1025294442863,,94.2484870645646
COD,"Congo, Dem. Rep.",2025,91030531316.9936,806.776000708534,5.75924471639999,,87.3342878785207
COG,"Congo, Rep.",2010,13148396211.5955,2946.55798067708,9.93126543095578,0.391525011227612,124.064754399607
COG,"Congo, Rep.",2011,15655383576.6515,3396.16505817952,2.20591936286718,1.75958704273803,124.591742710141
COG,"Congo, Rep.",2012,17692911296.3044,3732.32737320389,9.94715314257564,5.01018773134471,97.444435145443
COG,"Congo, Rep.",2013,17958720699.0868,3697.41705884249,-0.712434451876447,4.63161619729461,93.0028633915235
COG,"Congo, Rep.",2014,17919321078.0284,3601.2365808718,6.64606540928447,0.912139545450097,104.197620103417
COG,"Congo, Rep.",2015,12434793867.3568,2439.35189403696,0.415193061293763,3.16909796750829,117.320721558581
COG,"Congo, Rep.",2016,10931328150.8478,2093.10728558843,-8.68524343913786,3.19056179723773,122.259818284021
COG,"Congo, Rep.",2017,11834473039.3645,2211.63309874797,-5.59477371915547,0.450063823285546,94.6170952583422
COG,"Congo, Rep.",2018,14773900288.5135,2694.43413191427,-2.30431780125842,1.15277896375523,100.583216779714
COG,"Congo, Rep.",2019,13976637779.9763,2488.42466724916,1.12447391976529,2.20607305781525,91.5757547930374
COG,"Congo, Rep.",2020,11468687464.0046,1993.586671931,-6.26777227963225,1.79537147083108,69.3066247188397
COG,"Congo, Rep.",2021,14825690210.9157,2516.16255145432,1.01507036990908,1.7156427545126,85.5462031552188
COG,"Congo, Rep.",2022,15817030154.6941,2620.83804267402,1.47535613247133,3.04344334698478,98.1613366922001
COG,"Congo, Rep.",2023,15321055822.5167,2477.97845544866,1.90686426346754,4.30174563591016,96.2103944039618
COG,"Congo, Rep.",2024,15719986076.6464,2482.2489948456,2.09998918002519,3.09143630919166,93.1881220839752
COG,"Congo, Rep.",2025,16306633778.765,2514.73393584747,3.08292728120063,2.40069559361747,91.6690172364453
COL,Colombia,2010,286498534094.963,6398.2958447102,4.49465897070922,2.27200227892008,34.2646031687681
COL,Colombia,2011,334966134804.887,7400.9940695669,6.94789198173555,3.4150334477625,39.4704235545367
COL,Colombia,2012,370691143018.039,8108.59838244229,3.91263576716115,3.16930188840055,38.835151018669
COL,Colombia,2013,382093697077.685,8279.10255642981,5.13399351995672,2.01699224310383,37.9866487978457
COL,Colombia,2014,381240864422.407,8187.20824890084,4.49903000110972,2.89883787761738,37.4874656411103
COL,Colombia,2015,293492370193.166,6248.51490534512,2.95590137527523,4.9898311584953,38.3607641184453
COL,Colombia,2016,282720100286.228,5959.84250367574,2.08738250162794,7.51346024627675,36.202652984202
COL,Colombia,2017,311866875156.879,6479.53231292429,1.35936086788746,4.31431325695011,35.2829149424588
COL,Colombia,2018,334198218098.276,6816.96818309544,2.56432428277704,3.24056932930569,36.5347527968973
COL,Colombia,2019,323031701192.84,6472.54544924705,3.18685539245533,3.52301932741447,37.558533980839
COL,Colombia,2020,270348342541.465,5339.68711357943,-7.18591413760859,2.52663500084706,34.0555709680101
COL,Colombia,2021,318524633225.395,6222.62164397614,10.8011981904878,3.49505757399448,40.0591463936128
COL,Colombia,2022,345632492851.448,6680.44506854481,7.32827729427979,10.1772313546166,48.2826551123359
COL,Colombia,2023,366901643683.302,7012.49169137756,0.841819555752039,11.7359044948689,40.1333165322581
COL,Colombia,2024,420504033143.211,7951.08624019412,1.49330728771066,6.60908593728228,36.3179938785373
COL,Colombia,2025,457410034202.523,8561.62091854449,2.64201548985928,5.14222911946201,35.3689564685036
CRI,Costa Rica,2010,37658616965.6866,8265.78820580299,5.36034347722267,5.66275708420021,67.5120894036891
CRI,Costa Rica,2011,42762613784.989,9276.39109377477,4.40315921836142,4.87799830970702,68.6391459050112
CRI,Costa Rica,2012,47231655492.7812,10126.9991155066,4.88259252932575,4.49545314354605,67.0485391393947
CRI,Costa Rica,2013,50949668762.8328,10803.2401795009,2.49476596233289,5.23133614174428,64.0664108162845
CRI,Costa Rica,2014,52016408816.1842,10911.4978703456,3.54210997703849,4.51920098516954,65.1912422181011
CRI,Costa Rica,2015,56441920888.425,11714.7106121672,3.65208093006359,0.801982005099623,60.7535621474841
CRI,Costa Rica,2016,58847019587.626,12091.0301560892,4.20432320775184,-0.0174788505908217,62.178478293067
CRI,Costa Rica,2017,60516044660.7496,12317.0902779911,4.15769914676933,1.62590692991732,65.0719536997344
CRI,Costa Rica,2018,62567765946.2665,12620.0207321581,2.85285959760458,2.22111461526581,66.7874137887726
CRI,Costa Rica,2019,64753504730.018,12951.8588421841,2.70813912948329,2.09604635327807,65.4194732486775
CRI,Costa Rica,2020,62806591554.7345,12475.6852076814,-4.14159340574358,0.724911478131376,59.7463550719484
CRI,Costa Rica,2021,65588938787.0243,12962.2716075659,8.21817953969082,1.72647755109241,70.103693305909
CRI,Costa Rica,2022,71001226360.8008,13971.7649991294,5.46119455235068,8.27477490232654,79.0523903153884
CRI,Costa Rica,2023,87512637055.7736,17140.771430122,4.79187732359398,0.525193508693455,71.4380310340536
CRI,Costa Rica,2024,96715644330.6612,18853.2828705886,4.08292444182048,-0.412853001047069,69.8533786394509
CRI,Costa Rica,2025,102904921157.478,19970.0989059622,4.56033547844829,-0.073671440596217,71.4919046503354
CUB,Cuba,2010,59562962962.963,5272.26755824835,2.39035229650723,,40.2919413008332
CUB,Cuba,2011,68990000000.0,6104.46105236166,2.80230083647626,,46.9604290476881
CUB,Cuba,2012,73141000000.0,6470.83673392653,3.01490028898772,,45.8662036340766
CUB,Cuba,2013,77148000000.0,6828.36428245396,2.74760256257211,,44.3238969253902
CUB,Cuba,2014,80656100000.0,7146.70459051328,1.04757663187654,,39.2741528539069
CUB,Cuba,2015,87132800000.0,7727.91997207998,4.4383335888395,,31.6138124793419
CUB,Cuba,2016,91370407900.0,8110.55874283616,0.512843095700745,,27.2691132420785
CUB,Cuba,2017,96850649700.0,8610.60829605429,1.80979178380274,,26.2224363787618
CUB,Cuba,2018,100050036100.0,8911.46205998726,2.24794852913217,,27.0835484486147
CUB,Cuba,2019,103427600000.0,9232.26115935183,-0.163087223606624,,22.8208911354416
CUB,Cuba,2020,107352000000.0,9605.27914559614,-10.9494359030206,,15.6829868097474
CUB,Cuba,2021,,,1.25448735650322,,80.0237703083904
CUB,Cuba,2022,,,1.77465227724316,,93.8607755890525
CUB,Cuba,2023,,,-1.92937123169681,,120.533878427187
CUB,Cuba,2024,,,-1.06173273220524,,124.863238865053
CZE,Czechia,2010,211168667286.27,20160.4355077059,2.71466509907701,1.47272727272728,126.756480116798
CZE,Czechia,2011,231429378717.312,22049.1080788682,1.77238085338473,1.9172191363555,136.750855542438
CZE,Czechia,2012,210363223087.728,20014.0354015165,-0.770668190622743,3.28762306610411,145.480195396935
CZE,Czechia,2013,213024360541.119,20260.4954999375,-0.0418124160447491,1.4382978723404,145.502230624961
CZE,Czechia,2014,210911285077.683,20038.4163180257,2.24521219862635,0.343988589646794,156.415122826886
CZE,Czechia,2015,189107698561.919,17931.5987670768,4.95875848915604,0.309364548494975,154.018400997633
CZE,Czechia,2016,198160659303.939,18753.9686718096,2.58087013921376,0.683504209385703,148.547004664435
CZE,Czechia,2017,221563575696.217,20913.197632212,5.17356529967881,2.4505339846014,147.750834854762
CZE,Czechia,2018,251992360762.236,23705.9329811299,2.83030588267866,2.14949494949493,145.141717890789
CZE,Czechia,2019,256794209028.77,24062.7190013343,3.56577658128261,2.84787595918041,138.154609993871
CZE,Czechia,2020,251109660602.536,23472.8915454417,-5.30487955463876,3.1612952849781,128.780430305965
CZE,Czechia,2021,290972714482.313,27696.4619527544,4.02901832055149,3.83984491500146,137.378116302868
CZE,Czechia,2022,301831228325.556,28282.2236715857,2.8471706583814,15.1001651468371,144.011494109397
CZE,Czechia,2023,345059295659.911,31761.5944102491,0.0475803308973752,10.6612601372427,131.892598295876
CZE,Czechia,2024,347082562221.377,31827.7552539413,1.25131096245923,2.43531202435314,131.466608125579
CZE,Czechia,2025,391026962800.475,35917.2724081665,2.58046673293437,2.45996367838865,128.039437374276
DEU,Germany,2010,3467093769666.67,42396.9665976293,4.13463778522758,1.1038103778926,73.8852351200263
DEU,Germany,2011,3823575803793.78,47630.9761883572,3.75796884489337,2.07517283735874,78.433002901442
DEU,Germany,2012,3596483233406.25,44718.0159214069,0.463512036709204,2.00848884782956,79.3316495670315
DEU,Germany,2013,3807023797050.99,47206.8353514242,0.396995583779145,1.50472330251876,77.5860288576931
DEU,Germany,2014,3964870735760.77,48959.5991203133,2.18018602168017,0.906794000434246,76.8483516336234
DEU,Germany,2015,3425099578746.09,41929.7549110722,1.66300602334775,0.514426137125456,77.7565815686922
DEU,Germany,2016,3536787895179.0,42948.9381932694,2.22222216259371,0.491747008445174,76.0059902166055
DEU,Germany,2017,3765351626105.89,45553.9341495339,2.797906720551,1.50949485109628,77.4548394742448
DEU,Germany,2018,4055433215301.96,48916.1686612154,1.13569604599849,1.73216879766942,79.1252260463654
DEU,Germany,2019,3959894794039.21,47656.199739747,0.977734697038784,1.44565976888253,79.0732427175683
DEU,Germany,2020,3941398957073.94,47394.8734504469,-4.13191443239947,0.144877925813982,72.9335327120137
DEU,Germany,2021,4355251953410.78,52349.2459994422,3.90999994204108,3.06666666666673,79.9195348609851
DEU,Germany,2022,4201021706478.62,50506.5179638543,1.8092581243061,6.87257438551097,88.7857542130501
DEU,Germany,2023,4562207532490.28,54776.7668235491,-0.869647578573321,5.94643667725823,81.9625483787634
DEU,Germany,2024,4685592577804.69,56103.7323182554,-0.495851897260366,2.2564981433876,79.0907305894936
DEU,Germany,2025,5050922925047.05,60496.4350820414,0.239578342117881,2.17178770949721,78.5128112199127
DNK,Denmark,2010,322345594075.47,58104.5445594981,1.58289703108802,2.31092436974786,94.3877282319057
DNK,Denmark,2011,344315595263.175,61809.737898222,1.3108037609606,2.7586822605125,102.012930474308
DNK,Denmark,2012,326792574244.963,58443.7747103968,-0.0054323016167074,2.3979148566464,104.362280505171
DNK,Denmark,2013,344631016965.12,61377.5940590412,1.39267343161971,0.789071780078062,103.612813249189
DNK,Denmark,2014,352832602064.452,62520.4509747011,1.27799983192831,0.56402054044954,103.210859225139
DNK,Denmark,2015,301758922337.637,53094.0133607574,2.10441456445301,0.452034153691575,105.130362453899
DNK,Denmark,2016,312181849372.233,54500.9260410217,3.07304549209093,0.250000000000031,101.452783808643
DNK,Denmark,2017,331610593961.988,57521.5514992225,3.05647723922718,1.14713216957602,104.215676920442
DNK,Denmark,2018,355293374912.393,61324.7665045565,1.8600074900921,0.813609467455631,108.813985501909
DNK,Denmark,2019,345401473012.615,59404.2663247723,1.71140093932736,0.75813157251162,111.891475065653
DNK,Denmark,2020,355631021931.621,60985.4885601514,-1.78010601831291,0.420711974110025,104.433432671151
DNK,Denmark,2021,406110162088.054,69340.7334922138,6.50025445756295,1.85304543989689,112.321472697291
DNK,Denmark,2022,400114306337.077,67781.0940939514,0.443832614908331,7.6965669988926,131.995824909071
DNK,Denmark,2023,404651706117.557,68043.5466971243,0.604587766175584,3.30517811237606,129.625337431278
DNK,Denmark,2024,424524722037.047,71026.4832271897,3.47783593140312,1.37220049768926,131.765030975207
DNK,Denmark,2025,462526660468.393,76970.1535217919,2.92843280014236,1.89367372703044,129.222304332118
DOM,Dominican Republic,2010,53801053352.5005,5478.62470398954,8.40114541209596,6.32993220146146,56.0573964175321
DOM,Dominican Republic,2011,57948261615.957,5826.51014109195,3.19196227475523,5.79676809206533,59.0692578401698
DOM,Dominican Republic,2012,60561635555.6383,6013.81965002603,2.77567100848816,3.69449707884777,58.5062536731089
DOM,Dominican Republic,2013,62555417414.582,6136.59429329301,4.93473300709881,4.830950967408,56.8137658014945
DOM,Dominican Republic,2014,67014329099.5549,6496.45166971142,7.11122629673892,2.99864226125219,55.6601041506633
DOM,Dominican Republic,2015,70966782572.4386,6800.95309395474,6.98771131236387,0.836746346724557,52.3471238667007
DOM,Dominican Republic,2016,75552902635.7075,7160.44200982307,6.71974078681295,1.61416607245223,51.7306571245477
DOM,Dominican Republic,2017,79070274743.1658,7412.71571571512,3.93386176401576,3.27955694678546,50.7595355508472
DOM,Dominican Republic,2018,84994732049.3461,7882.98221584944,7.09751640210159,3.56443426013508,52.3351709577013
DOM,Dominican Republic,2019,89146130744.723,8183.01623600375,4.8940301149584,1.81060377042959,50.912982200697
DOM,Dominican Republic,2020,78546672406.8291,7135.22273255899,-7.92905234231061,3.78103179915517,44.7331613466756
DOM,Dominican Republic,2021,94850719516.7127,8527.0754858205,14.0124289062207,8.24300347981809,51.9500227303115
DOM,Dominican Republic,2022,113478103598.499,10104.2464008585,5.23795652902595,8.81109209279587,54.3781976712844
DOM,Dominican Republic,2023,120456239153.739,10630.431743829,2.19229848237939,4.78561281021135,49.8436131764417
DOM,Dominican Republic,2024,124282245638.568,10875.6618443092,4.95352204492849,3.30223338951227,51.7835143952326
DOM,Dominican Republic,2025,127407463759.043,11059.2081531834,2.11739113534632,3.8731176804813,51.4949057079303
DZA,Algeria,2010,177785053939.531,4912.78585503672,4.80000000093564,3.91106195534028,63.4912159928425
DZA,Algeria,2011,218331946925.304,5916.31364364343,2.99999999941909,4.5242115050527,62.2200899610479
DZA,Algeria,2012,227143746075.934,6033.64884689543,2.40000000034432,8.89145091062317,60.7576393340605
DZA,Algeria,2013,229701430292.157,5979.60138960585,2.60000000061164,3.25423910998847,59.151008157244
DZA,Algeria,2014,238942664192.59,6094.69392314956,4.09999999866501,2.91692692067458,56.9235419669867
DZA,Algeria,2015,187493855609.345,4685.05902729002,3.20000000089023,4.78444700693889,53.2046225904145
DZA,Algeria,2016,180763839522.151,4424.98529027556,3.90000000017621,6.39769480268757,49.7609327925216
DZA,Algeria,2017,189880896903.073,4554.66753957828,1.49999999895587,5.59111590961664,49.8208161712587
DZA,Algeria,2018,194554483655.528,4577.21029180491,1.40000000088281,4.26999020467084,52.4361676779223
DZA,Algeria,2019,193459662090.677,4468.45341883656,0.899999999219148,1.95176821052892,46.5068426081672
DZA,Algeria,2020,164873415325.201,3743.5419522929,-4.99999999908597,2.41513094083414,40.3897565625388
DZA,Algeria,2021,186231205262.082,4160.55926736925,3.79999999900707,7.22606307415477,46.8370592599607
DZA,Algeria,2022,225581644702.568,4960.30334332888,3.60000000094915,9.26551551551553,51.1900893683897
DZA,Algeria,2023,247923887214.655,5370.477235078,4.10000000005964,9.32217375928322,43.7397984507007
DZA,Algeria,2024,269322281664.773,5752.99076651465,3.69999999907979,4.04611455313434,40.1345741170703
DZA,Algeria,2025,287031225987.736,6051.00322704182,3.815543719231,1.41835151429016,38.9789440161631
ECU,Ecuador,2010,68151329000.0,4520.30959039763,4.02913787986621,3.55437734567843,65.7773849135062
ECU,Ecuador,2011,78986648000.0,5153.6916424375,8.48147656332823,4.4745326579584,70.0356837525249
ECU,Ecuador,2012,87735048000.0,5634.08393191094,5.783212336172,5.10172180958666,67.0029290916898
ECU,Ecuador,2013,96570334000.0,6109.29031510341,7.21123653679159,2.72177577710371,63.4333003342414
ECU,Ecuador,2014,102717794000.0,6405.79979300441,4.22606520388456,3.58922016616663,61.4263766217565
ECU,Ecuador,2015,97209558000.0,5976.1596805651,0.119692109287612,3.96664623255358,47.8280397077826
ECU,Ecuador,2016,97671433000.0,5917.63771271481,-0.687954245877947,1.72826463324533,40.5344917996647
ECU,Ecuador,2017,104467486000.0,6233.32244797718,5.97039880954841,0.417335588666825,43.6177233172817
ECU,Ecuador,2018,107478961000.0,6303.91886658338,1.04429460679607,-0.224103246005552,48.0093476154836
ECU,Ecuador,2019,107595830000.0,6205.05765246766,0.1654044646003,0.266012515466155,48.0828494933307
ECU,Ecuador,2020,95865473000.0,5463.64515348598,-9.24509619165865,-0.338872392562139,43.9893109378389
ECU,Ecuador,2021,107179074000.0,6061.32350181711,9.42189269033631,0.133251386096389,53.261275610573
ECU,Ecuador,2022,116133121000.0,6515.58528418336,5.86842354862311,3.46616972213077,61.880792818786
ECU,Ecuador,2023,120792801000.0,6718.1447938811,1.8328406107788,2.21568764237058,57.1626938264309
ECU,Ecuador,2024,123802374000.0,6826.5294137822,-1.94409022506859,1.54732515615369,57.4436448205751
ECU,Ecuador,2025,130320560400.0,7125.27618527738,3.72594857272087,0.710469324989076,59.3567812036511
EGY,"Egypt, Arab Rep.",2010,218983666061.706,2455.08194645282,5.14723485746742,11.2651882653185,47.9363500745898
EGY,"Egypt, Arab Rep.",2011,235989672977.625,2590.64384891965,1.76457194806041,10.0649259874818,45.2556341623514
EGY,"Egypt, Arab Rep.",2012,279116666666.667,2996.0677072015,2.22619979818487,7.11172943343083,40.7117692721084
EGY,"Egypt, Arab Rep.",2013,288434108527.132,3025.52563552448,2.18546605363386,9.46971981064921,40.373038056332
EGY,"Egypt, Arab Rep.",2014,305595408895.265,3133.39102265541,2.91591188052836,10.0702154687481,36.9201877934272
EGY,"Egypt, Arab Rep.",2015,329366576819.407,3306.98159414141,4.37201907781687,10.370490343517,34.8459429600229
EGY,"Egypt, Arab Rep.",2016,332441717791.411,3270.6287768197,4.34664345601914,13.813606214829,30.2465490514505
EGY,"Egypt, Arab Rep.",2017,248362771739.13,2395.10333299491,4.18122099961562,29.5066083940039,42.8321343581608
EGY,"Egypt, Arab Rep.",2018,262588632526.73,2484.70315630508,5.33110861887155,14.4014657807422,45.9110196733959
EGY,"Egypt, Arab Rep.",2019,318678815489.749,2962.98892023003,5.55209307084222,9.15279959324804,41.1240171551108
EGY,"Egypt, Arab Rep.",2020,383817841547.099,3511.11381026379,3.55016483883115,5.04493288977539,32.1262555667523
EGY,"Egypt, Arab Rep.",2021,424671765455.704,3827.35415374308,3.29064601193245,5.21404940513043,29.8569734808122
EGY,"Egypt, Arab Rep.",2022,476747720364.742,4233.30783744856,6.58784560870467,13.8956609775178,36.9831048772713
EGY,"Egypt, Arab Rep.",2023,395926071447.591,3456.78965212363,3.76028052279247,33.8847763115546,40.4504007720031
EGY,"Egypt, Arab Rep.",2024,389059910593.1,3338.47371043679,2.3991692678251,28.2705899322083,39.6007520873733
EGY,"Egypt, Arab Rep.",2025,365254630179.737,3085.80712036204,4.39201068570188,14.0735136645934,51.334347878828
ESP,Spain,2010,1427989078916.67,30658.7422282912,0.0941223116369514,1.79986457728769,52.6933699734019
ESP,Spain,2011,1487568659241.25,31824.6219134777,-0.639920636520344,3.19610188833792,58.5118228859632
ESP,Spain,2012,1330994811670.31,28456.4438151477,-2.86511368637748,2.44612782366809,60.5540346961864
ESP,Spain,2013,1362186923157.65,29228.846559842,-1.42732224757626,1.40858109183009,61.6687726441327
ESP,Spain,2014,1380244561361.96,29707.765509467,1.52048593647231,-0.151114837527235,63.39926213895
ESP,Spain,2015,1206164777553.12,25982.4416197775,4.06086672473866,-0.500365709903243,63.5820412248232
ESP,Spain,2016,1243015667917.12,26755.6061149398,2.91515598595787,-0.202598000426358,63.1886778507294
ESP,Spain,2017,1321754088818.83,28381.3425596906,2.89604207865007,1.95607633363954,66.167446137857
ESP,Spain,2018,1431642809327.06,30602.4212881113,2.39541124478878,1.67498136863799,67.0094103982921
ESP,Spain,2019,1403496387686.27,29786.5245689007,1.96117850841711,0.699518994458648,66.3662250440692
ESP,Spain,2020,1289783836971.21,27233.9426461608,-10.9400706350371,-0.322753017299649,59.4461280147076
ESP,Spain,2021,1461244901852.69,30799.4775937775,6.68314420473001,3.09313511976402,66.524588943191
ESP,Spain,2022,1448850658406.62,30319.4987196616,6.37031712129601,8.39057634118637,78.4657338703054
ESP,Spain,2023,1619481980719.64,33493.2225409111,2.46085796805582,3.53236133492433,71.7976366055733
ESP,Spain,2024,1725671652742.19,35326.7683069278,3.45525405630191,2.747147886618,69.9502612382631
ESP,Spain,2025,1906453309985.88,38627.2472148623,2.82495400578509,2.699932857627,69.4508260073781
EST,Estonia,2010,19524355419.038,14663.7041018705,2.4497502063999,2.97204512015694,143.671762256978
EST,Estonia,2011,23303915794.7569,17555.5455239426,7.60697458913162,4.9819013145361,166.7460724339
EST,Estonia,2012,23237406116.3988,17568.2137969714,3.67201872506541,3.93339987296985,169.156067773865
EST,Estonia,2013,25451032780.7573,19310.3874900757,1.75649379621869,2.78056658954988,164.601632156916
EST,Estonia,2014,27055689003.0038,20581.7898991695,3.32278988182702,-0.10617514652171,157.953944842229
EST,Estonia,2015,23311847750.9394,17722.1557669523,1.83815262882932,-0.49232600654737,148.507157123558
EST,Estonia,2016,24561027787.7896,18666.3736521706,3.09301920751959,0.148684907627373,147.7462327097
EST,Estonia,2017,27469461919.1189,20851.5223496861,5.63467248963991,3.41723549488054,144.635650944133
EST,Estonia,2018,31222632740.7247,23618.1361254581,3.69969756161726,3.43632688420446,143.485224864735
EST,Estonia,2019,31873748770.0313,24021.2501413306,3.72664943466884,2.27725931243522,140.352147998549
EST,Estonia,2020,31820771493.8974,23933.9939421065,-2.88380751483778,-0.44453109767983,137.392641283846
EST,Estonia,2021,37201101170.5847,27951.1659277744,8.25488044580031,4.65316673847473,160.471922305927
EST,Estonia,2022,38226641740.29,28340.3826549406,-1.22616966587796,19.3982634080616,175.68711950524
EST,Estonia,2023,41470344395.1086,30264.0064885057,-2.74421914571231,9.15922507983982,154.592617111149
EST,Estonia,2024,43130419829.35,31428.3547816104,-0.0900428648493801,3.5194118998392,151.037702410455
EST,Estonia,2025,47030833798.5866,34417.6320815138,0.584308464789387,4.82920753628342,155.759916645579
ETH,Ethiopia,2010,29933790334.3418,330.619412798644,12.5505383347633,8.14926402965082,
ETH,Ethiopia,2011,31952763089.33,343.024942351887,11.1782962297008,33.2499598823344,48.232935411689
ETH,Ethiopia,2012,43310721414.0829,452.101031885754,8.64781163513926,23.600417677317,45.3979041835072
ETH,Ethiopia,2013,47648276605.0123,484.039833104062,10.5822700502552,7.46402192944517,41.4717870807625
ETH,Ethiopia,2014,55612228233.5179,549.986577082588,10.2574929627477,6.89001951597192,40.7410841498626
ETH,Ethiopia,2015,62103418181.8182,597.912113218663,10.3924630141307,9.56889955968623,39.6561241449515
ETH,Ethiopia,2016,68475871209.607,641.651523286233,9.43348265981905,6.62813337230924,34.8990210816111
ETH,Ethiopia,2017,76366081766.6667,696.348429076216,9.56418965754014,10.6871150284238,31.1036494929016
ETH,Ethiopia,2018,83337901071.9697,739.702022272086,6.81614778557282,13.8330356586661,31.1993689777881
ETH,Ethiopia,2019,91834517113.6386,793.473247218996,8.36408573111346,15.8096321719344,28.8152939292608
ETH,Ethiopia,2020,98676811061.9985,829.790982552951,6.05953089248577,20.3563468559061,24.0061143414049
ETH,Ethiopia,2021,109070960370.972,893.009835441784,5.64153069324176,26.8395221557722,24.3450574655662
ETH,Ethiopia,2022,123140304665.399,982.103161502198,5.32175988485454,33.8898797100898,26.5954996964257
ETH,Ethiopia,2023,135874093203.18,1055.81091593061,6.59424599054353,30.2188278135278,20.5982015071406
ETH,Ethiopia,2024,149740297952.375,1133.88279681256,7.61277447616879,21.0377460577711,17.4004358586815
ETH,Ethiopia,2025,126358758448.356,932.729352775179,9.7715182202934,13.2296432836809,33.4597826561314
FIN,Finland,2010,249429613683.334,46506.2919016566,3.1682879121621,1.18413523154651,75.4612085231229
FIN,Finland,2011,275126915515.565,51060.3242589767,2.39039455396828,3.4168075425521,78.7159444486606
FIN,Finland,2012,257443384492.969,47551.6740841369,-1.52284013040689,2.80833622561574,79.4303765882482
FIN,Finland,2013,270268036626.275,49691.0145200739,-0.979741024949618,1.4782861568881,77.485171771574
FIN,Finland,2014,273478528954.901,50073.7760815871,-0.4780684247837,1.0411962117843,74.6277719754196
FIN,Finland,2015,233210733506.25,42560.3456767103,0.466503766322674,-0.207928839905177,71.9618253787014
FIN,Finland,2016,238777818792.608,43451.2562442158,2.57193414898754,0.356684500891695,71.7222101178859
FIN,Finland,2017,253846138440.0,46085.0174739036,3.30337003591039,0.754015047084438,75.9387822310041
FIN,Finland,2018,273869255596.078,49654.2497035329,1.19297759742292,1.08382098409296,79.1436148422846
FIN,Finland,2019,267014821129.411,48358.1807773701,1.34973845741737,1.02409392963431,80.5641502947367
FIN,Finland,2020,270000311606.226,48828.6846862799,-2.49103605535707,0.290554555653239,72.1845955995888
FIN,Finland,2021,294223210496.119,53099.1351400148,2.67634641498897,2.19457432339998,79.7892781913782
FIN,Finland,2022,280253099309.34,50440.560224974,0.763041912763526,7.12350773301412,94.5625340522667
FIN,Finland,2023,295191741637.26,52864.6931581216,-1.28973484453397,6.25064322154763,85.5141847218915
FIN,Finland,2024,298729432711.719,53155.5451165897,0.374566568538427,1.56568906231616,83.4510295550974
FIN,Finland,2025,317039368819.607,56148.580949046,0.173444509584499,0.337874659400574,83.3959439712015
FJI,Fiji,2010,3140166712.79624,3449.14452883369,2.95467268842502,3.68901229670761,121.227903395671
FJI,Fiji,2011,3779411899.37483,4139.60288609702,2.70514231228027,7.278117827085,124.476834805196
FJI,Fiji,2012,3972028104.47328,4341.40338748749,1.41131415220703,3.42337523401979,125.285791685112
FJI,Fiji,2013,4189967998.51424,4572.44377544245,4.7342203729816,2.91354193603992,126.348386724849
FJI,Fiji,2014,4857104768.86844,5293.35676680464,5.60351397766961,0.519306474579107,110.812306063192
FJI,Fiji,2015,4682479893.97558,5097.53106864695,4.50120064471365,1.37488542621447,101.189048956211
FJI,Fiji,2016,4930213644.36653,5363.79026679243,2.44565202449249,3.86322538221278,97.1744905841206
FJI,Fiji,2017,5353469174.47838,5826.84814459328,5.35336434979577,3.34757834757831,97.0216625258442
FJI,Fiji,2018,5581425327.44397,6085.41979485376,3.812350939512,4.08147637644543,103.235419948556
FJI,Fiji,2019,5344907153.46698,5842.07344577597,-0.581946590349759,1.79388647514555,110.696192117501
FJI,Fiji,2020,4227719873.3865,4620.6457238014,-17.1835352599354,-1.70014167847318,78.0763651830605
FJI,Fiji,2021,4158873156.17978,4536.73312110335,-4.3459619989752,1.53454853751592,87.2159321837078
FJI,Fiji,2022,4977861885.60316,5414.12092119088,17.7451269773594,6.07882431529725,119.213746657784
FJI,Fiji,2023,5476673518.13788,5926.20586394763,9.44245856738313,2.97544080604539,126.282134510517
FJI,Fiji,2024,5968125909.27126,6425.74151715712,3.53085896076352,3.89084237884105,118.962880886427
FJI,Fiji,2025,6198013062.06553,6642.00449450523,3.19546862124029,-1.38326833934224,
FRA,France,2010,2646230027988.34,40694.8211697025,2.00032476039051,1.53112270420919,56.587555247796
FRA,France,2011,2870408553990.28,43929.7840873812,2.43757653729007,2.11159795175,60.6056354816406
FRA,France,2012,2683007095787.23,40863.5814412333,0.183835264973013,1.9541953161351,61.6589570771102
FRA,France,2013,2816077607875.26,42669.1795111893,0.781756446231,0.863715497861804,61.8192338733962
FRA,France,2014,2861236112552.42,43148.0459288416,0.997832947295251,0.50775882293799,62.1992669379507
FRA,France,2015,2442483452642.5,36702.4323733379,1.06675474783462,0.0375143805125182,63.5046871956484
FRA,France,2016,2470407619777.13,37024.2157133669,0.860031075424033,0.183334861123765,63.3427564383351
FRA,France,2017,2588868323334.71,38687.1626407164,2.08361485997399,1.03228275064681,65.3958481559711
FRA,France,2018,2781576320884.39,41418.1766484844,1.64590872395887,1.85081508315493,66.8022607812266
FRA,France,2019,2722793515171.76,40408.2848574751,2.02744646419237,1.10825492288294,66.4289607281749
FRA,France,2020,2647926055110.05,39169.8606000707,-7.44064589948231,0.476498852725065,58.8388907240647
FRA,France,2021,2966433692008.09,43725.0999521245,6.88233783360239,1.64233141038394,63.788482630872
FRA,France,2022,2794788137066.94,40988.6396406579,2.71676264185913,5.22236748369725,75.9630077981996
FRA,France,2023,3056250648138.29,44700.1384177544,1.43921494437743,4.8783572650844,70.6261450610225
FRA,France,2024,3160442622465.08,46103.0840855884,1.19046798275883,1.99904942291463,68.1081875443744
FRA,France,2025,3366315927447.33,48985.7307807924,0.840949955479587,0.943770212469976,67.1923772838849
FSM,"Micronesia, Fed. Sts.",2010,292000000.0,2715.26873721406,1.7094017094017,3.31370963136217,107.534246575342
FSM,"Micronesia, Fed. Sts.",2011,308000000.0,2859.8488365615,3.78151260504202,5.08259403890371,108.116883116883
FSM,"Micronesia, Fed. Sts.",2012,324000000.0,3003.05867086848,-1.61943319838058,5.01850353045616,112.654320987654
FSM,"Micronesia, Fed. Sts.",2013,314000000.0,2904.1536796737,-3.70370370370371,1.75232737350762,114.331210191083
FSM,"Micronesia, Fed. Sts.",2014,316000000.0,2915.23672460238,-2.56410256410257,0.650284891767944,106.645569620253
FSM,"Micronesia, Fed. Sts.",2015,312000000.0,2869.86276169101,4.3859649122807,-0.2981158373807,106.410256410256
FSM,"Micronesia, Fed. Sts.",2016,327000000.0,2997.93719917488,1.26050420168067,-1.03746806405349,100.611620795107
FSM,"Micronesia, Fed. Sts.",2017,361000000.0,3297.37580036719,2.07468879668049,0.58225373525489,102.216066481994
FSM,"Micronesia, Fed. Sts.",2018,394000000.0,3584.78377566896,0.406504065040664,1.49840023593737,105.837563451777
FSM,"Micronesia, Fed. Sts.",2019,395000000.0,3581.72684572278,3.64372469635627,1.92385170787923,106.582278481013
FSM,"Micronesia, Fed. Sts.",2020,372902700.0,3362.02802120524,-2.05703124999999,0.554594630853174,93.858263831289
FSM,"Micronesia, Fed. Sts.",2021,391601900.0,3508.22314197664,3.09969928290539,3.19128406597466,90.3979270784948
FSM,"Micronesia, Fed. Sts.",2022,415232900.0,3703.66680343222,-3.11412501063803,5.40874375479067,104.760485019371
FSM,"Micronesia, Fed. Sts.",2023,442975600.0,3933.01607031874,1.13097800090873,,95.2648407722683
FSM,"Micronesia, Fed. Sts.",2024,481121300.0,4251.69052668788,2.30132923576443,,96.4413755948864
FSM,"Micronesia, Fed. Sts.",2025,501797600.0,4414.00737137479,1.0626071425539,,93.0654112335332
GAB,Gabon,2010,14372593020.2885,8356.74662013345,7.08988731455126,1.46154402720469,89.1576627248353
GAB,Gabon,2011,18210307743.5816,10219.1139339454,7.09175334258654,1.26331707837421,90.4983773331323
GAB,Gabon,2012,17170464016.0593,9296.96587941088,5.25107691750407,2.65241828695626,92.3428089420545
GAB,Gabon,2013,17595744798.3398,9197.70106323947,5.63869900338696,0.505441058915615,90.6350361478645
GAB,Gabon,2014,18203966895.8433,9201.36276648105,4.31496444107469,4.69045751826284,73.5203290162438
GAB,Gabon,2015,14383107762.6952,7047.12654634355,3.8788993950789,-0.338795188753406,73.9497814588281
GAB,Gabon,2016,14023890265.3665,6677.07003901644,2.09144220829562,2.10670712784054,70.1333810645308
GAB,Gabon,2017,14929487485.1623,6921.73373135624,0.472642030911146,2.65192583143902,75.0687404456638
GAB,Gabon,2018,16867326401.9626,7624.2775233771,0.83791658082157,4.74906652083221,77.0365976973024
GAB,Gabon,2019,16874405465.391,7441.1786472281,3.92080879452831,2.46456756151187,73.4280894486644
GAB,Gabon,2020,15342236163.9943,6605.80346077904,-1.8377610635094,1.35276110675333,70.1140546463796
GAB,Gabon,2021,19444935097.2333,8181.40914134398,1.46795731508091,1.0869074651941,85.3483122054787
GAB,Gabon,2022,20440655695.229,8409.20741452279,3.03761449525692,4.23124798274579,92.0630888496921
GAB,Gabon,2023,19388372070.9778,7802.82433276138,2.43893665041031,3.62901534185376,91.4786533179144
GAB,Gabon,2024,20895684425.6752,8230.04311451151,3.39403899521831,1.17311998381218,92.0468055146014
GAB,Gabon,2025,21427119323.2764,8263.03321595,2.47287961498321,1.76766609003481,84.8918905135603
GEO,Georgia,2010,12426907967.1578,3281.72930937343,6.24640865303363,7.11017897486099,81.6733870603639
GEO,Georgia,2011,15475290469.2869,4119.66818307193,7.9343365253078,8.5429333333333,85.4659350932986
GEO,Georgia,2012,16894392033.2256,4530.69533409431,6.57883101954195,-0.943658853270964,89.7348800946338
GEO,Georgia,2013,17517660143.6859,4712.00229382665,5.13288531209382,-0.512058410947092,93.8139137895532
GEO,Georgia,2014,17966015109.3043,4830.33486170249,4.09049059581743,3.06881210379543,94.9506979383393
GEO,Georgia,2015,15223796148.8396,4086.6223465965,3.35102350265353,4.00357820695097,97.0163115086257
GEO,Georgia,2016,15444548901.9637,4143.40125686315,3.45021517996871,2.13492713939121,94.9262528383443
GEO,Georgia,2017,16473125375.0684,4418.75206546679,5.15990261658827,6.03531725272117,102.584277697146
GEO,Georgia,2018,17902544880.6471,4804.0546040444,6.062036412677,2.6152447139767,109.847740556266
GEO,Georgia,2019,17638337116.9126,4741.2832715876,5.38071926589951,4.85289821696723,117.810080239714
GEO,Georgia,2020,16010869215.68,4300.85701291207,-6.2904717853839,5.2024648897534,92.8910841752194
GEO,Georgia,2021,18853115588.8106,5083.60695484577,10.6442336580969,9.56691433824769,101.60090754891
GEO,Georgia,2022,24984568959.605,6729.84659930283,10.9585321385624,11.8981654203198,114.695437688718
GEO,Georgia,2023,30777833600.6515,8283.66960652261,7.83220126555726,2.48776056578715,107.151179161579
GEO,Georgia,2024,34189423333.141,8967.67525638987,9.67979379712661,1.10971758022096,103.456471463024
GEO,Georgia,2025,38143612855.1367,9691.53472415196,7.46161504152039,3.8692132193969,100.627997400937
GHA,Ghana,2010,32197655566.5347,1263.89251760539,7.89971194051621,10.7333898354915,75.3778157916824
GHA,Ghana,2011,39336668080.559,1507.43573198753,14.0471235803149,8.7284593709302,86.2954538549695
GHA,Ghana,2012,41271701060.954,1543.77524235764,9.2927894063005,11.1863409441067,93.1680351286831
GHA,Ghana,2013,62845721959.827,2294.79584693743,7.31252501678145,11.6661923071729,60.7593219028775
GHA,Ghana,2014,54678533805.9064,1949.90832923846,2.85624016330883,15.4896160333318,63.8365624430783
GHA,Ghana,2015,49436806230.4839,1722.77282833606,2.12075933817334,17.1499695007878,76.5212709243242
GHA,Ghana,2016,56144179397.8516,1912.47991339951,3.37346574966936,17.4546347070868,67.8769994445865
GHA,Ghana,2017,60385409434.8567,2012.28662641265,8.12889488100956,12.3719215507048,70.5483652904116
GHA,Ghana,2018,67259353965.6087,2195.32166016377,6.20007768127284,7.80876516610703,67.9585174644902
GHA,Ghana,2019,68352629246.1555,2186.65822682613,6.5077747939152,7.14364003330857,76.824802732152
GHA,Ghana,2020,70008243859.8666,2195.45481659987,0.513941670628171,9.88728956269944,66.5754987162431
GHA,Ghana,2021,79514204730.3979,2445.18662529344,5.07646643533542,9.9710886750444,62.7078309128346
GHA,Ghana,2022,73919003212.1998,2229.89122654479,3.80484978178042,31.2558951049016,70.1154557937915
GHA,Ghana,2023,80547146875.9526,2383.90410476221,3.14009100080186,38.1069656296501,64.3878615301086
GHA,Ghana,2024,83288585604.0268,2419.2518672482,5.84746854280382,22.8483281157842,68.9668717609486
GHA,Ghana,2025,114209905278.717,3257.1588903576,5.95441714756899,14.2046755548989,
GIN,Guinea,2010,6853467145.53089,659.235326211315,4.81336016967553,15.0502688559001,73.5465739340387
GIN,Guinea,2011,6785137203.33153,636.694958747648,5.61211177430975,21.3169268542577,85.9546732708386
GIN,Guinea,2012,7638044556.84656,699.353377212197,5.91528626133322,15.2262941038638,86.6743318322581
GIN,Guinea,2013,8376613539.28278,748.455020824734,3.94568708624053,11.8875884481828,80.4264477180461
GIN,Guinea,2014,8778473372.82124,765.146999389279,3.69655311664086,6.1505055670642,76.7719658952305
GIN,Guinea,2015,8794201742.84609,747.356966759448,3.82591056949435,11.7800825029834,72.4427307469345
GIN,Guinea,2016,8595955222.49719,711.996509782316,10.82062719659,8.17268112275132,111.839467415368
GIN,Guinea,2017,10324668271.1362,833.598621691121,10.3000053427355,8.91435947913097,101.251633768429
GIN,Guinea,2018,11857030366.7891,933.273615633705,6.35849192736715,9.82761701259191,88.984111543709
GIN,Guinea,2019,13442861496.4454,1031.34146480732,5.61691446889876,9.47001039253012,78.4153132285974
GIN,Guinea,2020,14088693742.9464,1053.66097696415,4.70459096113575,10.6016203387167,115.765259518929
GIN,Guinea,2021,17069115737.8259,1244.96550477914,5.5823328114905,12.5972882566934,115.195532789356
GIN,Guinea,2022,19910452541.9219,1416.59612011764,3.97240784200721,10.4930409984424,94.1652726931221
GIN,Guinea,2023,22407615556.0571,1555.49375806861,5.54172668627702,7.80497591927973,95.829526758227
GIN,Guinea,2024,25008678293.4073,1694.95375862185,5.35004659049265,8.12313914948596,97.7778177313259
GIN,Guinea,2025,28346024753.2924,1877.2541220972,7.44709668357611,3.54630163142885,103.678013340369
GRC,Greece,2010,296417644404.034,26653.0488008626,-5.6937412158003,4.71298907760388,50.9225181997227
GRC,Greece,2011,283228079776.041,25504.7866510124,-9.87677875300243,3.3298532335065,56.2929957941907
GRC,Greece,2012,238841140018.233,21624.346052551,-8.33113421099992,1.50152696177758,62.3942117351318
GRC,Greece,2013,236556279640.705,21573.3449762805,-2.27211699888024,-0.921269454256994,62.9547272215374
GRC,Greece,2014,233911581521.062,21474.7257123892,0.792225060962835,-1.31226096405506,66.4335364513677
GRC,Greece,2015,194567373678.099,17980.7298238137,-0.228301892172851,-1.73588804765284,65.2716454619318
GRC,Greece,2016,193097239005.87,17919.2426377048,-0.0317947678412054,-0.825653978390973,63.6575490882866
GRC,Greece,2017,200381103984.298,18631.9930129293,1.47312472702352,1.12125452031419,70.8824967397253
GRC,Greece,2018,213298873494.394,19873.4015238771,2.06467207892409,0.62562141345364,79.2379908638706
GRC,Greece,2019,207305649887.019,19335.3602002969,2.27718065334808,0.253007522038157,80.5900949510457
GRC,Greece,2020,191362985554.861,17886.733165236,-9.19623149726978,-1.24798355581405,70.2937464580745
GRC,Greece,2021,218303801895.326,20652.89659591,8.65449786002131,1.22382501019854,88.0126654490379
GRC,Greece,2022,217990189600.69,20884.6773436263,5.52198580589408,9.64525981280632,108.121843229922
GRC,Greece,2023,242946187738.269,23343.7103964562,2.13591131996631,3.46480128513405,92.4710882947018
GRC,Greece,2024,256238371778.118,24626.1481858973,2.0865743380603,2.74101875679486,89.7765279446168
GRC,Greece,2025,280635521324.441,26948.0070432791,2.07306882481713,2.48209745378857,83.4516228818392
GTM,Guatemala,2010,40676578423.4871,2805.25960237322,2.88417542800377,3.8595090983316,63.1251925746222
GTM,Guatemala,2011,46876006272.2387,3168.98370607705,4.16390688293349,6.214123930671,65.0470510420457
GTM,Guatemala,2012,49593929487.1263,3286.61959336267,2.97470856847661,3.78180754679678,61.9594193352042
GTM,Guatemala,2013,52996420177.4409,3444.15802275864,3.69476814623695,4.34337131279521,56.6852489007381
GTM,Guatemala,2014,57852159007.6243,3689.14510410202,4.44397825774911,3.4183616966296,55.0832736168677
GTM,Guatemala,2015,62186066547.6566,3893.50533299068,4.09217170075418,2.3887203283955,49.8934518550985
GTM,Guatemala,2016,66053408205.8838,4060.13784737643,2.6778031930216,4.44844199942827,46.3727343925686
GTM,Guatemala,2017,71653780740.4226,4324.99768915601,3.0798512212244,4.42453655182546,46.0694034412912
GTM,Guatemala,2018,73328356007.6152,4352.94593289707,3.40687328176345,3.75186186704508,47.0116853424691
GTM,Guatemala,2019,77172331693.4093,4511.99839552697,4.01789830861587,3.69998398008605,45.5167341849579
GTM,Guatemala,2020,77719468248.3666,4477.61785000665,-1.78555117570465,3.21444062197345,41.1407594007818
GTM,Guatemala,2021,86455522272.7383,4912.62240414681,8.04170398855833,4.26105127422813,49.261149442668
GTM,Guatemala,2022,95609727055.5754,5356.92435887895,4.15492196609047,6.88512823344287,54.4490964612191
GTM,Guatemala,2023,104298081428.769,5754.42833909847,3.52430434049013,6.20657592272126,48.3297978472591
GTM,Guatemala,2024,113215575150.885,6150.89465281457,3.71558453779777,2.86992752918294,47.3052981448815
GTM,Guatemala,2025,123306008821.471,6598.18032988711,4.28003207921405,1.48841591086169,46.527609355823
GUY,Guyana,2010,3432912516.92427,4581.76179693492,4.13844160137342,4.3005534033896,
GUY,Guyana,2011,3691384317.52178,4947.22170589917,5.19625156051602,4.4073041447003,
GUY,Guyana,2012,4063088535.76331,5444.39751913913,5.27633062046809,2.39057526653742,
GUY,Guyana,2013,4167800928.83553,5556.91231156932,3.65338433338232,1.9111250917408,
GUY,Guyana,2014,4127660151.8087,5472.68820452237,1.68649445019584,0.683700250354637,
GUY,Guyana,2015,4279840193.7046,5640.41560569466,0.687404590619494,-0.865401289233742,
GUY,Guyana,2016,4482697336.56174,5870.87823759835,3.80745626378814,0.826177341246544,
GUY,Guyana,2017,4748174334.14044,6178.6650437298,3.73449154571284,1.94571617739331,
GUY,Guyana,2018,4787636997.85343,6048.38697180418,4.44091288475967,1.25128567037044,
GUY,Guyana,2019,5173760191.84652,6405.82443444562,5.35284003535665,2.11238986774464,
GUY,Guyana,2020,5471256594.72422,6775.70939096303,43.479651716849,0.722434045501787,
GUY,Guyana,2021,8041362110.31175,9860.87014834386,20.0599975568418,4.50619858925893,
GUY,Guyana,2022,14718388489.2086,17913.4928066879,63.3346343654855,6.93346066500816,
GUY,Guyana,2023,16918503597.1223,20473.7002190617,33.795011115873,2.82159393090811,
GUY,Guyana,2024,24662714628.2974,29675.2501582835,43.8192726391966,2.90379501424778,
GUY,Guyana,2025,27097477218.2254,32413.7930757518,19.3360097091818,3.32982339132475,
HND,Honduras,2010,15839344591.9842,1893.32722662035,3.73114034433009,4.69889064976232,109.441838241682
HND,Honduras,2011,17710275685.4074,2073.66121088074,3.83569066207505,6.7622795731476,122.216902597337
HND,Honduras,2012,18528554397.5695,2126.03474686503,4.12868774866939,5.19618615531848,121.188215808285
HND,Honduras,2013,18499729214.904,2081.12843527945,2.79155975746801,5.16189898581494,116.306049247436
HND,Honduras,2014,19756533971.8698,2179.88171977271,3.0580805621437,6.12924930313031,112.97509728471
HND,Honduras,2015,20979791685.416,2271.20265980349,3.84007997093951,3.15783117980915,107.26440535424
HND,Honduras,2016,21717604952.1835,2307.34468351082,3.89297219726413,2.72461223295289,99.8157169505924
HND,Honduras,2017,23136247990.5977,2413.0076562942,4.84291391050387,3.93436084442037,101.813111079622
HND,Honduras,2018,24067750760.499,2464.64241531918,3.84499476966735,4.34734937777536,103.551162215452
HND,Honduras,2019,24882225741.8119,2502.32744328073,2.55963434592314,4.36587159819274,99.4595352452417
HND,Honduras,2020,23352232483.755,2307.61494319511,-8.96508223267296,3.46841177951171,88.0008563836292
HND,Honduras,2021,28144331506.6149,2735.14751503977,12.5652843771279,4.48087963413446,103.372643459918
HND,Honduras,2022,31426041806.7985,3003.28996826399,4.14356194013767,9.08963911525032,112.698524913966
HND,Honduras,2023,34355805527.9795,3227.45762509776,3.57584760454412,6.66325180347463,98.7919798336365
HND,Honduras,2024,36980171442.0603,3415.96027916712,3.63240745450875,4.60621098127101,91.6694117874122
HND,Honduras,2025,39601409103.3005,3598.21450440452,3.75143102801252,4.59657982325258,91.507337541504
HRV,Croatia,2010,58975127200.9948,13729.7472872883,-1.33616285467264,1.03055505333576,72.6475745178258
HRV,Croatia,2011,62889150894.151,14691.591757962,-0.111527124990047,2.27272727272722,77.7839261603843
HRV,Croatia,2012,57547495859.7306,13507.6349882758,-2.23702049605232,3.41207349081368,79.0091759505258
HRV,Croatia,2013,59846869998.8711,14135.0903485872,-0.132561080066893,2.21658206429779,80.919621854334
HRV,Croatia,2014,59607109597.2123,14186.7712230471,-0.559537666687092,-0.215196159576176,85.2166354640278
HRV,Croatia,2015,50999271058.5849,12283.8750299177,2.32056679330526,-0.464499004645003,90.6517861027716
HRV,Croatia,2016,52650804052.1394,12820.1872746645,3.46613146011039,-1.12500000000002,92.1393432283564
HRV,Croatia,2017,56182225079.1072,13901.6498657787,3.2840626939789,1.12937210282347,97.2452344566878
HRV,Croatia,2018,61668280700.0968,15460.4560798984,2.91107146210912,1.50012501041747,99.0845893099948
HRV,Croatia,2019,61467261345.012,15563.7354996625,3.10247285336254,0.771820346498112,101.395111645358
HRV,Croatia,2020,57959824238.1808,14807.5559227544,-8.31046995309319,0.154811374562106,89.5475327132272
HRV,Croatia,2021,69002262504.9821,17788.7601163765,12.6312741312741,2.55450699642041,102.327614281062
HRV,Croatia,2022,71196460236.6301,18465.531473659,7.29479114889533,10.7805806758686,125.410793782261
HRV,Croatia,2023,85621337533.3348,22183.4982258492,3.76204092717136,7.94128177586822,107.277801631602
HRV,Croatia,2024,92981894167.9687,24049.9441746337,3.82578440126859,2.97200477643626,104.912403236133
HRV,Croatia,2025,105060182186.274,27103.9116109268,3.40307537181749,3.69153459605729,100.986286636193
HTI,Haiti,2010,11859312725.1448,1209.72733503094,-5.65151153448299,4.82734190074673,44.7215241260457
HTI,Haiti,2011,13008746038.8867,1312.03953552013,5.09821354410036,6.33279483849042,44.1635704019387
HTI,Haiti,2012,13708925477.1304,1361.39396587374,0.502424403581585,5.01804155429246,40.2582414988129
HTI,Haiti,2013,14902488604.2421,1457.83221179626,4.32478411472874,4.76502404779142,40.3325097562551
HTI,Haiti,2014,15146883497.6331,1460.18898613914,2.88877250863379,3.43816659958601,42.3515259071619
HTI,Haiti,2015,14849629308.6025,1411.12684746796,1.40000000859727,6.73184069658997,41.9457381172044
HTI,Haiti,2016,14069277526.2278,1318.40268167953,1.81246807847532,11.5029073942666,41.4109022161974
HTI,Haiti,2017,15093357161.1498,1395.23945184461,2.51027134544685,10.6800887242584,42.0745477868911
HTI,Haiti,2018,16403864617.8458,1496.38048970156,1.66781095484656,12.4814111170435,45.1385763027223
HTI,Haiti,2019,15016090929.5125,1352.17204191532,-1.72309699839232,18.7037825672506,44.5687187758294
HTI,Haiti,2020,14508222518.3018,1290.32538667383,-3.30550546965893,22.7963113642528,37.4138801252638
HTI,Haiti,2021,20754978152.2134,1824.6798742577,-1.79823988931486,16.8415240198785,33.4120026772124
HTI,Haiti,2022,20113007125.93,1748.40890116803,-1.68198396897978,33.98393194707,29.7746074753724
HTI,Haiti,2023,19572288894.1581,1681.84407667059,-1.86388420254838,36.8135162780854,25.2478984941791
HTI,Haiti,2024,24255657481.2502,2060.35591768638,-4.18495104762965,26.9490564091987,18.6547617785224
HTI,Haiti,2025,32077278409.2339,2694.18969101404,-2.71291075761471,28.6427976686095,15.8854793452678
HUN,Hungary,2010,131898737241.166,13189.8433874768,1.06795068152046,4.85555795691956,157.838960085896
HUN,Hungary,2011,141712804953.868,14211.460557822,1.91670916599742,3.9299209893507,166.754347209897
HUN,Hungary,2012,128470269689.958,12950.1594488143,-1.33948446518181,5.65214517088646,166.17569860957
HUN,Hungary,2013,135646053778.582,13739.4620151401,2.03216990678146,1.73319984983101,164.476024791467
HUN,Hungary,2014,141128696412.321,14352.501883174,4.33435364113967,-0.227566270988219,168.358355086413
HUN,Hungary,2015,125244126623.289,12782.9412577973,3.65981615406955,-0.0616446800641672,167.290738494524
HUN,Hungary,2016,128983560865.293,13215.8605277789,2.43864141309342,0.394769306686392,163.97194450015
HUN,Hungary,2017,143335098991.862,14736.1668157258,4.12418389451805,2.34824281150154,165.032855840268
HUN,Hungary,2018,161184691013.835,16605.0570511887,5.60613813768876,2.85024792594646,162.700858777925
HUN,Hungary,2019,164936682033.992,17012.8598553199,5.07718495088933,3.33858635382008,159.925556464831
HUN,Hungary,2020,158468487754.196,16386.9308821258,-4.33872540024058,3.32674385766738,154.527002936377
HUN,Hungary,2021,183282685440.486,19030.628130329,7.22291580811137,5.11096534382855,159.187527332834
HUN,Hungary,2022,177002580544.155,18428.028825614,4.15238057779229,14.6081439492433,184.969952581351
HUN,Hungary,2023,213029511028.874,22208.6509820466,-0.817107370513455,17.1249659678737,158.618825607913
HUN,Hungary,2024,222848211034.367,23305.4482514359,0.709070599066038,3.70370370370369,147.926666538068
HUN,Hungary,2025,246490213513.054,25907.4743259406,0.509542309726868,4.41198445905562,140.779303903333
IDN,Indonesia,2010,755094157621.936,3065.68348377765,6.22385418062366,5.13420639015885,46.7012738758737
IDN,Indonesia,2011,892969104563.171,3579.46442466152,6.16978420771008,5.35604849112582,50.1800131841104
IDN,Indonesia,2012,917869913332.649,3632.27254030331,6.03005065305615,4.2795142691943,49.5828982992627
IDN,Indonesia,2013,912524136718.018,3566.60284506078,5.5572636889101,6.41249457900391,48.6373726752893
IDN,Indonesia,2014,890814755533.537,3441.06808464008,5.006668425755,6.39492882396559,48.0801755855227
IDN,Indonesia,2015,860854232686.214,3288.22269725538,4.87632230022123,6.36312061196646,41.9376402415294
IDN,Indonesia,2016,931877364037.698,3521.46943457574,5.03306918280177,3.52580452815451,37.4213418023318
IDN,Indonesia,2017,1015618744159.73,3798.88326174526,5.06978590134916,3.80879857691949,39.3554970704606
IDN,Indonesia,2018,1042271532988.63,3860.95353090726,5.17429153955024,3.19834755924996,43.0743089552002
IDN,Indonesia,2019,1119099871350.2,4106.94856160358,5.01928768046282,3.03058460941661,37.6277775357108
IDN,Indonesia,2020,1059054842698.48,3853.70288774146,-2.06551182934165,1.91983527270793,32.9721754002427
IDN,Indonesia,2021,1186509691086.73,4287.17313995098,3.70288562827751,1.56007882983334,40.2047582749671
IDN,Indonesia,2022,1319101183380.15,4730.83484836107,5.30719722664799,4.20946463714784,45.4646701959453
IDN,Indonesia,2023,1371166925749.88,4876.2992959843,5.04883117855516,3.66938654859761,41.4604765447233
IDN,Indonesia,2024,1396301788461.69,4925.43644992666,5.03257477088519,2.18151273615189,42.809937870822
IDN,Indonesia,2025,1445642584163.81,5059.62596411213,5.10808904438025,1.9133344329508,43.3912070511204
IND,India,2010,1675615519484.96,1347.51939071367,8.49758470165625,11.9893899204245,49.2552064974161
IND,India,2011,1823051829894.55,1445.46127486037,5.24131620024293,8.9117933648336,55.6238800135298
IND,India,2012,1827637590410.41,1429.32199520032,5.45638755164772,9.47899691419793,55.7937217287511
IND,India,2013,1856721507621.58,1432.84397512195,6.38610640091713,10.0178784746104,53.8441319466777
IND,India,2014,2039126479154.52,1553.88396075118,7.41022760516977,6.66565671867899,48.9221857470669
IND,India,2015,2103588360044.94,1583.99815907985,7.99625378567987,4.90697344127249,41.9229138658647
IND,India,2016,2294796885663.16,1707.50892912243,8.25630550176662,4.94821634062134,40.082485713276
IND,India,2017,2651474262755.45,1950.10468280866,6.79538341902422,3.32817337461305,40.7424969545225
IND,India,2018,2702929641648.74,1966.25455171679,6.45385134495295,3.93882646691643,43.6169693323889
IND,India,2019,2835606256558.19,2041.42863698585,3.87143694070524,3.72950573539123,39.9054035306442
IND,India,2020,2674851578587.27,1907.04251637669,-5.77772470687303,6.6234367762853,37.7581053292768
IND,India,2021,3167270623260.47,2239.61384367482,9.68959249191741,5.13140747176364,45.4230887840446
IND,India,2022,3249938492013.47,2279.98145719369,7.6093649776932,6.69903414079858,50.6979382758042
IND,India,2023,3500906030644.76,2434.44826340989,7.210224629335,5.64914318907925,46.3229520582338
IND,India,2024,3760813470500.86,2591.9916607122,7.09927893176518,4.95303550973661,45.9166907678748
IND,India,2025,3956067115771.63,2702.47987141553,7.56666179284244,2.39884954182294,46.2682006859907
IRL,Ireland,2010,221732824603.484,48623.9666422487,1.68297175486512,-0.918388645376774,190.08027278672
IRL,Ireland,2011,240975871046.644,52613.8540355689,1.60886648916944,2.5489783020855,186.304879179038
IRL,Ireland,2012,226921827888.137,49335.8408099555,-0.40502941658977,1.69474116680366,190.355682317985
IRL,Ireland,2013,242924245718.756,52537.6108648692,2.1929375750029,0.515099484900573,199.742586224446
IRL,Ireland,2014,266490442124.309,57214.5379785709,9.38579335130922,0.190916398713745,211.181602002085
IRL,Ireland,2015,302101388556.271,64250.1385181257,24.6239856364006,-0.330959783371788,223.702938290642
IRL,Ireland,2016,305431252708.748,64129.5571542383,1.22271661130947,0.0201247735963237,239.708527798768
IRL,Ireland,2017,348355212568.515,72161.4047531385,10.1088576065965,0.362173038229378,233.304083346711
IRL,Ireland,2018,395780319816.603,80804.1123164826,7.68865937437435,0.471130713712916,222.453716000399
IRL,Ireland,2019,407211793800.713,81827.6688873996,4.97288003766816,0.937842961189274,257.652772910421
IRL,Ireland,2020,436009027818.948,86514.0706108754,7.15369505735335,-0.326183651280033,258.780437026252
IRL,Ireland,2021,530394123829.763,103783.446284479,16.2581881158197,2.34034113447044,231.032350863586
IRL,Ireland,2022,548341794599.09,105190.685952731,7.51113888415304,7.82945736434105,237.755419559378
IRL,Ireland,2023,567372737459.116,106818.917130804,-2.53637409313261,6.29942487419125,239.649627585111
IRL,Ireland,2024,609157459747.205,112894.953240805,2.59946721553708,2.11344999577317,246.169874857401
IRL,Ireland,2025,721701359046.313,131592.462547877,12.3375990291434,2.21044788475857,239.958912343567
IRN,"Iran, Islamic Rep.",2010,487069570463.768,6291.19443655454,5.79793830169604,10.0893629287979,43.7706437371399
IRN,"Iran, Islamic Rep.",2011,629082257472.368,8025.68743364356,2.6457179180628,26.2933856738608,41.2194147918578
IRN,"Iran, Islamic Rep.",2012,644019315003.54,8114.08099831877,-3.74717139864109,27.2568127242908,44.0893466807452
IRN,"Iran, Islamic Rep.",2013,500399839839.877,6222.74194840326,-1.52197920494184,36.6030355191029,47.0867179194755
IRN,"Iran, Islamic Rep.",2014,462284793280.825,5672.06372896319,4.98477506709476,16.6065532357449,45.3514201413161
IRN,"Iran, Islamic Rep.",2015,409191686496.677,4952.73355532178,-1.42488493937503,12.4846815611533,39.42258866118
IRN,"Iran, Islamic Rep.",2016,478618064870.999,5710.59947089104,8.8150866425182,7.24542548952979,39.8772417738866
IRN,"Iran, Islamic Rep.",2017,510239893417.645,6000.93346404409,3.02685468694025,8.04492437660278,43.1556931383906
IRN,"Iran, Islamic Rep.",2018,411903303606.044,4783.01067340237,-3.74796015711334,18.0141183371874,56.6153496142829
IRN,"Iran, Islamic Rep.",2019,347988400957.999,3997.4935449585,-2.36143538770575,39.9073455697784,48.5917712137038
IRN,"Iran, Islamic Rep.",2020,280934329279.723,3202.50003502169,4.44180865358672,30.5941390387295,43.8844674905013
IRN,"Iran, Islamic Rep.",2021,407350685583.335,4605.14881318992,4.13089685034471,43.3890162681514,42.672379536261
IRN,"Iran, Islamic Rep.",2022,422662261525.665,4721.20437099984,4.35281087521344,43.4884641742179,48.9183508223052
IRN,"Iran, Islamic Rep.",2023,457510482317.483,5049.29931642754,5.33235116079808,44.5791857572797,49.3935500960203
IRN,"Iran, Islamic Rep.",2024,475252089215.416,5190.16959024821,3.66312057949303,32.455871402917,52.0621306794348
IRN,"Iran, Islamic Rep.",2025,362682115433.364,3924.38017821898,-2.82597163290347,42.1712244965444,60.2426223967467
IRQ,Iraq,2010,138516722649.573,4461.75196161555,6.40256484471193,2.42986826837753,73.4974796202443
IRQ,Iraq,2011,185749664444.444,5775.54229080293,7.546471200426,5.6040514426601,72.1713282233655
IRQ,Iraq,2012,218002476129.472,6477.59618450955,13.9364301737537,6.0890964159516,73.6086845912812
IRQ,Iraq,2013,234637675128.645,6650.35282247395,7.62828592298754,1.87949800749416,67.4100184095672
IRQ,Iraq,2014,228415656174.957,6249.39226978969,2.26368817563613,2.23597407904726,68.9824868569036
IRQ,Iraq,2015,166774104959.102,4440.14189252367,2.60676642939541,1.39333028780268,69.5917685983115
IRQ,Iraq,2016,166743557747.671,4334.42096404188,13.7873730187089,0.556521397155548,54.588320188677
IRQ,Iraq,2017,187217660050.676,4759.2846435467,-1.81975035118309,0.184058898847553,59.7809123923157
IRQ,Iraq,2018,227367469034.031,5646.68932074742,2.63385099105624,0.367441488936828,65.8017917701083
IRQ,Iraq,2019,233636097800.338,5671.8568632942,5.5137905789381,-0.198965380023882,68.9899384202806
IRQ,Iraq,2020,180898797516.874,4295.18945121228,-12.0367930960454,0.574162679425856,57.742316395146
IRQ,Iraq,2021,209691945713.103,4868.49431080783,1.5021807095434,6.04186489058043,61.5032683117218
IRQ,Iraq,2022,287372232137.931,6520.73154560584,7.95904804990212,4.9947659638103,68.75879409409
IRQ,Iraq,2023,268881051643.549,5965.31835077761,0.517705525140073,4.35835351089595,69.4613207990167
IRQ,Iraq,2024,279641257615.385,6073.61032342708,-1.54525198319173,2.6116961151764,77.1389393108395
IRQ,Iraq,2025,254367293538.462,5409.67899716967,-2.15574219066178,0.303454715219382,
ISL,Iceland,2010,13922711576.5124,43776.4677400475,-2.22181843777449,5.39673113167484,92.4901528110187
ISL,Iceland,2011,15394005872.149,48254.953927254,1.37999669197329,4.0010266434312,100.133252648313
ISL,Iceland,2012,14943757823.3226,46594.9869146614,1.16931174934061,5.18589988750698,102.433137099998
ISL,Iceland,2013,16244319958.6808,50173.3360061057,3.59695697128252,3.8722792374824,97.6980221861272
ISL,Iceland,2014,18052183514.8695,55140.364935793,1.91381613095174,2.04461481539342,95.2879194201667
ISL,Iceland,2015,17700486957.1907,53505.6964079339,3.76859020213645,1.63305558181335,94.8888027460231
ISL,Iceland,2016,21083713310.457,62854.0906407932,6.21808764670307,1.69692761997734,87.7600165983392
ISL,Iceland,2017,25060086487.8901,72976.3729990975,3.48506704155555,1.76041559180605,86.3585336945067
ISL,Iceland,2018,26677652544.3499,75633.8651351915,4.66077036232377,2.68291768267392,88.934996973139
ISL,Iceland,2019,24985687022.0452,69296.3144361601,1.13821227336888,3.01397179156061,83.7923659518443
ISL,Iceland,2020,22034665040.7901,60127.9393575616,-6.64587810456635,2.84792401518657,68.6550233460548
ISL,Iceland,2021,26234872402.457,70425.4064277273,5.18057190719905,4.44423970189746,76.2317249850944
ISL,Iceland,2022,29176227825.4736,76376.9599334915,8.85729897856851,8.30875511558912,93.0164295134303
ISL,Iceland,2023,31701996433.7807,82201.2908518078,5.0322597376242,8.73630299937298,87.2388810922276
ISL,Iceland,2024,33186621855.0053,85863.1479330343,-1.2828764442695,5.85683849970072,86.1815792789281
ISL,Iceland,2025,38582528789.0033,98323.4849517418,1.27946207863934,4.09085056006515,82.4877303813374
ISR,Israel,2010,239372857534.485,31398.9266927022,5.54470607068944,2.70270270270273,65.717030394986
ISR,Israel,2011,267739352609.375,34476.7252065949,5.51341969081251,3.48837209302323,69.0009721692523
ISR,Israel,2012,263172104090.976,33268.7066672115,2.40993765217618,1.67553715750052,70.0759039186632
ISR,Israel,2013,298045324735.571,36980.622214228,4.09013743330735,1.58976347421476,64.2271703557815
ISR,Israel,2014,314376760832.047,38265.3651949373,3.718144149431,0.467557251908503,61.8390527979395
ISR,Israel,2015,302841190257.708,36138.13561386,2.23599889603805,-0.617342577642765,59.0201557126784
ISR,Israel,2016,321083954798.337,37571.2561196275,4.53601939236572,-0.535168195718695,57.9533051643572
ISR,Israel,2017,357360816856.642,41013.2575323519,4.34394518932547,0.249807840123008,56.4519373834561
ISR,Israel,2018,375470422244.408,42269.3770257585,4.05349952888294,0.805060379528526,58.8734013354625
ISR,Israel,2019,399207771081.611,44091.8678022544,3.57898762923605,0.817645940292794,56.5281618447823
ISR,Israel,2020,410908899711.272,44590.8237253282,-1.80206927953466,-0.575254620897756,51.1403984551453
ISR,Israel,2021,489735019666.026,52258.4693499398,9.33534690236249,1.47965474722561,54.8184036562688
ISR,Israel,2022,525157951212.871,54947.2091250715,6.36407234798706,4.41162725488371,60.6358428266501
ISR,Israel,2023,513393395491.904,52126.4489280033,2.06272504731618,4.22522603168918,57.977782328645
ISR,Israel,2024,542284494490.778,54216.5218142787,0.953618469238535,3.07480889805025,54.3822563777332
ISR,Israel,2025,610777842873.595,60336.8477964194,2.93114966387968,3.0414132155654,52.9892163743201
ITA,Italy,2010,2144936254535.0,35856.8625485539,1.52910573247101,1.52551602118248,51.6621118138339
ITA,Italy,2011,2306974020278.21,38432.3742820019,0.695463154440176,2.78063272879323,54.4722149449288
ITA,Italy,2012,2097929495121.68,34854.3949441965,-3.12523877282996,3.04136333226775,54.8844952702204
ITA,Italy,2013,2153225581941.46,35701.6746002376,-1.81802510749792,1.21999342274306,54.0341846317499
ITA,Italy,2014,2173255507985.84,36028.3494022349,-0.0013876173045446,0.241047429826756,54.4545299332032
ITA,Italy,2015,1845428048839.1,30639.8829751432,0.885667635240807,0.0387903996579733,55.4356858148221
ITA,Italy,2016,1887111188176.93,31391.5692898108,1.23622108511661,-0.09401665691575,54.4321467018313
ITA,Italy,2017,1970720904584.71,32844.115660604,1.60369995294101,1.22653316645812,57.5829940274911
ITA,Italy,2018,2099435266458.67,35062.3364176949,0.826646712344115,1.13748763600391,59.2749835128154
ITA,Italy,2019,2019606796583.53,33812.788724868,0.429162533780342,0.611246943765304,58.6941902594738
ITA,Italy,2020,1907481094079.23,32091.4866621366,-8.86822122185345,-0.13770757391651,53.9394839042764
ITA,Italy,2021,2179207773596.09,36852.5425414951,8.93106210800055,1.87378325762481,60.3019776202798
ITA,Italy,2022,2104067630319.46,35653.9042103495,4.82117669913565,8.20128991161718,72.0165023032697
ITA,Italy,2023,2316882296366.32,39279.699782164,0.922796543670316,5.62219442195901,65.1028419441908
ITA,Italy,2024,2383435562458.12,40429.6224047352,0.783039135276795,0.982373023061417,62.5926144915658
ITA,Italy,2025,2551556954100.35,43308.6403060733,0.539583636778445,1.5316682765282,62.5232263591126
JAM,Jamaica,2010,13220549908.2494,4809.977380312,-1.45714720850386,12.6105519975603,
JAM,Jamaica,2011,14444661522.1463,5232.63644918132,1.73037627006349,7.555856465809,
JAM,Jamaica,2012,14807086555.5283,5340.83333232158,-0.613636042132399,6.87397708674309,
JAM,Jamaica,2013,14264205152.6126,5124.21301411137,0.517686011311724,9.34150076569673,
JAM,Jamaica,2014,13899217679.9219,4975.11325459872,0.689822359762587,8.27407886231419,
JAM,Jamaica,2015,14963589915.5912,5339.30718256806,0.92148712399856,3.69154228855725,
JAM,Jamaica,2016,14898999754.1229,5302.29553353854,2.76043761369557,2.35102197485846,
JAM,Jamaica,2017,15783583236.675,5605.43541173019,2.29303371291363,4.37839864991561,
JAM,Jamaica,2018,16855447986.2221,5976.90362644337,2.51584458612513,3.73663882152163,
JAM,Jamaica,2019,17026269262.5307,6030.68896415921,1.80943147301357,3.90510000865872,
JAM,Jamaica,2020,15000214216.2439,5299.04530804283,-8.30441923583135,5.2267777929352,
JAM,Jamaica,2021,15963885376.3537,5625.67806271236,5.70467978309095,5.86278242801063,
JAM,Jamaica,2022,18813516805.214,6626.47502388538,6.43930323656186,10.3495688391272,
JAM,Jamaica,2023,21418797832.8216,7542.39855849054,2.74634433906714,6.47413734662063,
JAM,Jamaica,2024,22014429050.9995,7753.8119527678,-0.535039063867487,5.41194447981659,
JAM,Jamaica,2025,22704903217.5631,8002.92104076242,0.0816454877745656,4.00459048079239,
JOR,Jordan,2010,30202773521.1268,4139.04283161368,2.6377158262256,4.84551875852116,
JOR,Jordan,2011,32640291549.2958,4363.42800211536,2.90729315392207,4.1624416292779,
JOR,Jordan,2012,34854017887.3239,4593.83609729005,2.40465716535539,4.5152295667099,
JOR,Jordan,2013,37873362957.7465,4739.02253641778,2.72311205964112,4.82462314269537,
JOR,Jordan,2014,40535098591.5493,4610.60460269382,3.32287328047509,2.89947905006057,
JOR,Jordan,2015,42394049295.7747,4441.61896013754,2.52261671092148,-0.876851359704049,
JOR,Jordan,2016,43688498732.3944,4366.06999647268,2.11166806967252,-0.778430463054142,
JOR,Jordan,2017,45535614366.1972,4449.34618076611,2.50770398070352,3.32389447576097,
JOR,Jordan,2018,47435850422.5352,4533.97658437205,1.85383415616927,4.46231108475481,
JOR,Jordan,2019,48640273802.8169,4557.79334729121,1.85633006592765,0.761514047265601,
JOR,Jordan,2020,47931770985.9155,4411.48321838396,-1.15257534158022,0.333294350628378,
JOR,Jordan,2021,50702940985.9155,4581.71967230365,3.75201276755828,1.34609377243118,
JOR,Jordan,2022,53516930140.8451,4754.41362207378,2.7468615450031,4.22915568897117,
JOR,Jordan,2023,56123472112.6761,4906.23543006639,3.12900102017251,2.08486986327134,
JOR,Jordan,2024,58618380563.3803,5073.92103605892,2.55605891810194,1.55659611283953,
JOR,Jordan,2025,61610052535.2113,5347.77731384797,2.82660839845745,1.76646490894206,
JPN,Japan,2010,5811578109447.07,45378.1378109399,4.13645589222239,-0.728243207517779,28.2400150860666
JPN,Japan,2011,6279422550218.7,49122.077634247,-0.20035785332982,-0.27245561610124,29.9713853558472
JPN,Japan,2012,6333803928787.76,49626.6830327571,1.64893452981225,-0.0440645104432602,30.174299547803
JPN,Japan,2013,5272297037396.96,41369.1948479498,1.99727653399265,0.335037912184741,33.5913694460807
JPN,Japan,2014,4985763289560.81,39172.8471161948,0.905915486065865,2.75922671353253,36.7643250218282
JPN,Japan,2015,4534438580494.94,35664.6446110613,1.79997735783475,0.795279630579839,34.7276305886293
JPN,Japan,2016,5110357383254.44,40214.9688631562,0.704986495111257,-0.127258844489754,30.6562793068554
JPN,Japan,2017,5038231631660.71,39679.8635262948,1.62345062245441,0.484199796126385,33.6888336792782
JPN,Japan,2018,5154293721629.56,40645.478086519,0.834143845965585,0.989094598021848,35.8035749582494
JPN,Japan,2019,5245755000479.03,41424.8655601543,-0.308496921143259,0.46877615938395,34.3582972799989
JPN,Japan,2020,5189197543645.38,41098.9739004553,-4.28327942675573,-0.024995834027731,30.5192226892273
JPN,Japan,2021,5225933520753.1,41580.739040705,3.56419531474475,-0.233352779398264,35.4253927340539
JPN,Japan,2022,4447976207314.78,35548.2645222433,1.33164750653741,2.49770278172255,44.86063102004
JPN,Japan,2023,4384854269961.93,35215.003535366,0.720785304749811,3.26813365933163,43.5950833802735
JPN,Japan,2024,4190008188358.57,33797.1014287876,-0.240084236041696,2.73853681635241,44.8529388577573
JPN,Japan,2025,4435162999976.94,35951.0449549304,1.19311288444599,3.17253034260248,
KAZ,Kazakhstan,2010,148047348240.643,8793.07589980782,7.30000000329814,7.40046356341396,74.1382658957842
KAZ,Kazakhstan,2011,192626464617.071,11287.1464926039,7.40000000144188,8.4529046617679,73.1178570509129
KAZ,Kazakhstan,2012,207998568865.789,12018.7966527993,4.79999999528297,5.19568369035073,73.7237324891671
KAZ,Kazakhstan,2013,236634603409.089,13478.459627612,5.99999999671084,5.94283871648418,65.4076093299538
KAZ,Kazakhstan,2014,221415613595.469,12427.7094576939,4.20000000566705,6.84944977003358,64.9720346513507
KAZ,Kazakhstan,2015,184388404706.042,10196.1226255982,1.20000000053288,6.67828585615236,53.0497288072652
KAZ,Kazakhstan,2016,137278320084.171,7475.56688689424,1.09999999910173,14.3610942386248,60.3115965864153
KAZ,Kazakhstan,2017,166805788827.233,8943.08416791984,4.10000000257358,7.44266321306792,56.825387935971
KAZ,Kazakhstan,2018,179339977690.485,9472.48527327758,4.09999999309841,6.16366247577762,63.5279565118188
KAZ,Kazakhstan,2019,181667184854.501,9457.12614657136,4.50000000091883,5.33356098916669,64.8586165517565
KAZ,Kazakhstan,2020,171082365861.423,8781.50797787648,-2.49999999628,6.71815454861458,57.0264423660931
KAZ,Kazakhstan,2021,197112255360.612,9983.60103576902,4.29999999729456,8.04147134028401,58.6686085779207
KAZ,Kazakhstan,2022,225496328925.494,11255.3396437881,3.19999999970734,15.0278644440851,68.3343147415612
KAZ,Kazakhstan,2023,261840101059.923,12879.4275257974,5.09999999973641,14.5275597825952,62.3342837675021
KAZ,Kazakhstan,2024,291480274648.826,14154.6324958076,4.99999999996936,8.69082156104494,57.1613431963924
KAZ,Kazakhstan,2025,306239209650.024,14692.1331757237,6.5,11.3879454675914,
KEN,Kenya,2010,45405615063.7551,1091.51873101194,8.05847360290906,3.96138889115385,50.3942873502834
KEN,Kenya,2011,46869473150.61,1096.14499807675,5.1211061197056,14.0224913014704,58.4022059745625
KEN,Kenya,2012,56396704671.5777,1285.00536171512,4.56867961444982,9.37777003547598,51.6236920232481
KEN,Kenya,2013,61671440407.8387,1370.87885214659,3.7978483925754,5.71749357037733,47.4646425127304
KEN,Kenya,2014,68285796514.2896,1482.81566253497,5.02011100232484,6.87815499275949,46.170489362216
KEN,Kenya,2015,70120446896.8359,1489.11959777284,4.96772112759767,6.58215429284779,40.3273846919019
KEN,Kenya,2016,74815144163.8931,1554.12610314423,4.21351706814744,6.29724953814625,34.8650195731824
KEN,Kenya,2017,82036510877.2599,1667.48447230835,3.83795817364721,8.00564967709945,35.9950578754074
KEN,Kenya,2018,92202979985.2863,1836.45275528993,5.64794640709219,4.6898064677633,34.4147531767425
KEN,Kenya,2019,100378436207.371,1960.40808854893,5.11415885767801,5.23963795764792,31.759461841481
KEN,Kenya,2020,100657505750.545,1927.66459027849,-0.272766327438816,5.40516207933392,30.3991387830411
KEN,Kenya,2021,109703658904.994,2061.35622089594,7.59048947333467,6.10793603659176,35.0020477795269
KEN,Kenya,2022,114448978152.637,2109.56288513137,4.85998104287999,7.65986268272224,40.2753238373561
KEN,Kenya,2023,107500884685.013,1942.58802756191,5.71999241214208,7.67139634029402,40.9337677377556
KEN,Kenya,2024,120397537849.826,2133.46193404026,4.66019594571891,4.48978854243448,40.0062529666939
KEN,Kenya,2025,135941278878.815,2362.86091198611,4.63261093844984,4.06912878540729,37.5210445911226
KGZ,Kyrgyz Republic,2010,4794361863.01353,876.954476440354,-0.471566596791618,7.96772225579684,133.232850492333
KGZ,Kyrgyz Republic,2011,6197765984.28468,1117.40174350185,5.95627429693504,16.6363262731495,136.179840420492
KGZ,Kyrgyz Republic,2012,6605142884.36215,1168.62244675446,-0.0881501998439376,2.76844236540957,139.675937840309
KGZ,Kyrgyz Republic,2013,7335033800.59056,1269.66303464348,10.9154694528045,6.61375202358082,134.026785643922
KGZ,Kyrgyz Republic,2014,7468102412.68237,1264.52668823891,4.02403863083252,7.5342472977589,125.126181075833
KGZ,Kyrgyz Republic,2015,6678177511.66313,1105.65193844261,3.87582544512439,6.50331838993384,110.961570714633
KGZ,Kyrgyz Republic,2016,6813095379.1187,1103.27489428412,4.33585592190116,0.388838296895799,105.823574017406
KGZ,Kyrgyz Republic,2017,7702938379.42036,1221.39046807082,4.73993722377884,3.1753098637994,100.617445813258
KGZ,Kyrgyz Republic,2018,8271106235.41552,1283.5203037417,3.75791013557165,1.54266145238436,98.8755599017608
KGZ,Kyrgyz Republic,2019,9371275264.36735,1421.99927504102,4.60062565707598,1.13362257718804,94.4302823542939
KGZ,Kyrgyz Republic,2020,8270468614.24051,1229.51766602907,-7.14897757727955,6.32542296338078,78.9922784304738
KGZ,Kyrgyz Republic,2021,9249133946.26531,1349.99730650542,5.50700762671923,11.9050398185147,100.261376861569
KGZ,Kyrgyz Republic,2022,12134931017.9465,1739.72018344174,8.96750520041391,13.9229093174176,133.786718048766
KGZ,Kyrgyz Republic,2023,15180842369.4894,2138.22210211478,9.0132928339342,10.7532770416742,132.373403912336
KGZ,Kyrgyz Republic,2024,18161630698.9052,2514.81066933171,11.5397119406559,4.99760701207323,130.100743509033
KGZ,Kyrgyz Republic,2025,22623752095.4613,3080.96893823359,11.0960203357132,8.21496013406325,92.4074476416439
KHM,Cambodia,2010,13808673288.0696,952.274616324008,5.07691843229247,3.99639528107218,109.998400607758
KHM,Cambodia,2011,16032622023.8265,1088.98152823081,7.28665813879552,5.4784474961745,109.790505166814
KHM,Cambodia,2012,17826536699.8016,1192.80263041673,7.65025657870362,2.93431609293951,116.740233418212
KHM,Cambodia,2013,19807135252.8649,1305.6600972686,7.8574997554252,2.94162509547349,124.887552768657
KHM,Cambodia,2014,22041463967.9009,1431.56396469993,8.00032074618566,3.85568861424207,124.454908526693
KHM,Cambodia,2015,24174170369.0738,1547.32010444393,7.20703472529512,1.22393195511119,122.109596815379
KHM,Cambodia,2016,26556545153.3573,1675.19555711109,7.90550116130704,3.01913975139128,122.704555602667
KHM,Cambodia,2017,29355665909.7905,1826.35391688754,8.07503915535979,2.91263557371478,121.155451298689
KHM,Cambodia,2018,33145892168.8958,2036.67377566578,8.77622376224463,2.45908515380146,118.43765541305
KHM,Cambodia,2019,36685356407.7206,2225.87705485686,7.93695013588524,1.94257500833107,115.736679072448
KHM,Cambodia,2020,34818073901.4851,2081.73914242939,-3.55572193406549,2.9402951426397,122.105396346568
KHM,Cambodia,2021,36790163687.4421,2167.40324198499,3.08984284148661,2.92073477592949,146.179846509715
KHM,Cambodia,2022,39994532959.6074,2325.03050040841,5.12990110773977,5.34370264895437,145.873632761406
KHM,Cambodia,2023,42335646895.7984,2429.74853452838,5.00733043811898,2.12746796594194,134.206842395931
KHM,Cambodia,2024,46352647037.2406,2627.87969756224,6.0158145735202,0.808042016536654,143.447009703011
KHM,Cambodia,2025,51267065842.9641,2872.42926639909,5.34932084572877,2.35127105896507,136.089748673383
KIR,Kiribati,2010,165458433.127645,1522.10068744154,1.2259519892488,-3.89955040651649,85.6972657116246
KIR,Kiribati,2011,195970140.170383,1771.12926848792,3.26372719532225,1.4974097987597,93.4314038207066
KIR,Kiribati,2012,207001545.867109,1843.55336349889,5.80365974645258,-3.04586292775571,96.1286959983954
KIR,Kiribati,2013,201730860.757856,1772.08718317132,7.73092188699647,-1.488059084681,96.7814166724492
KIR,Kiribati,2014,200287281.98074,1736.70535682101,1.26366268044595,2.10398520925043,104.187967755713
KIR,Kiribati,2015,191559398.688293,1639.85274740652,11.2653209431294,0.572015743634256,109.889098401931
KIR,Kiribati,2016,206467818.503227,1742.66799324117,7.08803465778669,1.91731090233378,111.269790749303
KIR,Kiribati,2017,223029864.54193,1854.3326920967,3.71200171622053,0.355520888546828,100.49175257732
KIR,Kiribati,2018,233859230.192198,1915.56002581991,3.42465753424656,0.564030491493476,83.2436102236422
KIR,Kiribati,2019,216891541.021351,1750.24040333237,3.31125827814569,-1.81307995302947,98.3565819131955
KIR,Kiribati,2020,220909306.750809,1751.87199542272,-1.28205128205127,2.5532455441463,78.4012076801363
KIR,Kiribati,2021,285451584.406531,2223.54147866465,8.44155844155846,2.05361676773907,74.450510015529
KIR,Kiribati,2022,271214374.500577,2078.7648751855,5.08982035928143,5.34595440908904,107.219771673316
KIR,Kiribati,2023,291657337.839517,2200.68918614289,3.13390313390313,9.28307374517721,106.479772480068
KIR,Kiribati,2024,343153235.077124,2550.98377226188,4.69613259668509,2.45545072159028,102.110426164684
KIR,Kiribati,2025,349227254.158833,2558.66636011102,4.22163588390501,,
KOR,"Korea, Rep.",2010,1192830015737.68,24071.2620526362,6.98166138853071,2.93928652655686,88.0278677123124
KOR,"Korea, Rep.",2011,1307103477219.1,26175.2398553363,3.6880320602952,4.0259650043609,101.68061646213
KOR,"Korea, Rep.",2012,1335343586437.67,26600.5477433903,2.54766550568242,2.18707104433314,101.51727207905
KOR,"Korea, Rep.",2013,1434669686501.84,28449.3591104972,3.2913959543442,1.30134754547413,94.1675235855873
KOR,"Korea, Rep.",2014,1556252422020.44,30667.0912467447,3.21468019683108,1.27477446401322,86.9342577972039
KOR,"Korea, Rep.",2015,1539212301135.55,30171.7906545222,2.92029267301234,0.70633177245575,75.3881774564907
KOR,"Korea, Rep.",2016,1579150518945.44,30832.0628072516,3.17152748983935,0.971685739912168,69.8997221316919
KOR,"Korea, Rep.",2017,1710196756713.17,33296.9845439195,3.433191763972,1.94433230786366,73.1921408264016
KOR,"Korea, Rep.",2018,1824251454306.83,35363.9508228687,3.17611568177327,1.47583935002645,74.7075162140824
KOR,"Korea, Rep.",2019,1751045752054.63,33826.9443301597,2.31380210595475,0.383000303608136,71.4470632403511
KOR,"Korea, Rep.",2020,1744070276373.34,33645.7719545073,-0.700242317542106,0.537288023411737,65.544957860621
KOR,"Korea, Rep.",2021,1942313560965.9,37518.4635305697,4.61296795454287,2.49833333333339,75.3063047610912
KOR,"Korea, Rep.",2022,1799363116866.52,34822.4048404971,2.72756456708991,5.08951365062842,90.5851475278549
KOR,"Korea, Rep.",2023,1844800934391.54,35674.095995632,1.58301467403629,3.5974562502901,82.2580090716629
KOR,"Korea, Rep.",2024,1875388209406.8,36238.639908315,2.00361101838986,2.32174328643542,84.6424951192038
KOR,"Korea, Rep.",2025,1872374961553.15,36226.9663637512,1.00701840291242,2.12309421458659,86.3616006442431
KWT,Kuwait,2010,115416245241.742,39212.252220155,-2.37054804425912,4.49640287769787,97.0280216600064
KWT,Kuwait,2011,154039231245.856,49169.6063813095,9.62863419534361,4.8394034987095,99.1164927646913
KWT,Kuwait,2012,174047662680.041,52155.2225833921,6.62587485078971,3.25514600287211,101.011435104032
KWT,Kuwait,2013,174168116534.844,49651.0439275077,1.14946552780648,2.68229684085039,97.6054913328151
KWT,Kuwait,2014,162650450684.725,44368.7813457751,0.500914669444924,2.90892672858625,100.037189841844
KWT,Kuwait,2015,114585555688.511,29882.2126495698,0.592770817217982,3.27170166092133,98.6999884455485
KWT,Kuwait,2016,109406674124.652,27323.6890735517,2.92607584256388,3.19839776658374,96.1576723758617
KWT,Kuwait,2017,120687539805.505,29047.6536135703,-4.71222270495362,2.17183298510006,97.840046457409
KWT,Kuwait,2018,138646316350.727,32067.9623756889,2.74333045031415,0.543133148199567,102.785630655
KWT,Kuwait,2019,140856394860.529,31707.8737443551,2.26381706595791,1.09184802655856,91.6857123895953
KWT,Kuwait,2020,111045470605.715,25236.0755848941,-4.81731593381585,2.101729548274,82.0125101293052
KWT,Kuwait,2021,148350671489.144,34018.6342592913,1.67213054307859,3.42362947609188,82.0003751775886
KWT,Kuwait,2022,183502046693.878,39981.7691035833,6.75866711966617,3.98064961990313,90.9188102023425
KWT,Kuwait,2023,165462656226.772,34091.9714813002,-1.64087799968877,3.64216403030709,96.0343509693162
KWT,Kuwait,2024,160903106639.233,32855.7209688827,-1.47401818168846,2.89855072463762,93.9909162684119
KWT,Kuwait,2025,157209026926.418,32312.3119953634,2.731825804492,2.36195936682045,
LAO,Lao PDR,2010,7131771014.70456,1125.91610151261,8.52690551739717,5.98254521550082,84.7203378916677
LAO,Lao PDR,2011,8750104617.17303,1361.54704394913,8.03865268023725,7.5689885610998,91.6986958680216
LAO,Lao PDR,2012,10192846339.4029,1563.5650771337,8.02609843461283,4.2551267783209,98.1851264313662
LAO,Lao PDR,2013,11983252626.5452,1812.51774424651,8.02630022699017,6.37142717782947,98.1791466159604
LAO,Lao PDR,2014,13279245886.3854,1981.03910900473,7.61196343979319,4.12924306873771,99.0597382933399
LAO,Lao PDR,2015,14426380125.6488,2121.01339097363,7.27006584373785,1.27735427102992,85.798321703681
LAO,Lao PDR,2016,15912501722.6143,2303.22156035363,7.02283625501138,1.59691227583204,75.0918909204124
LAO,Lao PDR,2017,17071155481.4994,2432.43059478511,6.8925308726989,0.825478607568026,
LAO,Lao PDR,2018,18141641089.7963,2545.1075420815,6.24796000755872,2.04039266890201,
LAO,Lao PDR,2019,18740561512.5555,2589.32081035237,5.4577350924848,3.32255881256925,
LAO,Lao PDR,2020,18981805250.2424,2583.77730696131,0.503031829018681,5.10407262959919,
LAO,Lao PDR,2021,18827148530.9347,2526.05105018529,2.52835100486102,3.75562036658877,
LAO,Lao PDR,2022,15468785203.7532,2046.40440255621,2.70742652643155,22.9562225132056,
LAO,Lao PDR,2023,15843155731.2552,2066.94979776957,3.74568140158232,31.2301341732646,
LAO,Lao PDR,2024,16502933121.3379,2123.97909415109,4.13019264438475,23.1305695942588,
LAO,Lao PDR,2025,18302970218.5902,2324.76353098791,4.53760564766725,7.74226936553695,
LBN,Lebanon,2010,38443907042.1227,7625.81051551165,7.97513555844932,3.98347941855833,95.0966529416243
LBN,Lebanon,2011,39927125961.5257,7834.96257108993,0.86733987855277,4.97148571692384,102.139882412503
LBN,Lebanon,2012,44016799515.7546,8406.98405608118,2.56479133680038,6.58147447683677,88.5455019230591
LBN,Lebanon,2013,46880103080.597,8162.37929361396,3.8278734986016,4.82101956297399,86.1743285920565
LBN,Lebanon,2014,48095213746.6003,7577.6413302369,2.48406010500743,1.8546042134091,79.8171565925627
LBN,Lebanon,2015,49929337836.8159,7714.1099998804,0.462320792597581,-3.74914524799629,71.8390426347811
LBN,Lebanon,2016,51147308774.1294,8089.012088155,1.55454940856943,-0.783359624361508,67.7236177908116
LBN,Lebanon,2017,53027680685.9038,8608.21084982387,0.903028464073813,4.32135218303191,68.4554292593276
LBN,Lebanon,2018,54901519155.5556,9174.53666204759,-1.88470575631651,6.07698907889607,68.2573073043718
LBN,Lebanon,2019,51605959131.2741,8905.88005497437,-6.91492472851026,3.00538949390383,62.98091601016
LBN,Lebanon,2020,31712128253.7961,5561.19166950397,-21.3998996914321,84.8643330472041,50.1298042879627
LBN,Lebanon,2021,23131941556.7843,4045.37391066234,-7.00123862514116,154.756096023393,78.8286204025241
LBN,Lebanon,2022,20992421948.8081,3654.35845534878,-0.621678970663112,171.205491336641,114.888278265666
LBN,Lebanon,2023,20078620356.9931,3477.72489842684,-0.760584470257314,221.341644023365,104.206410069182
LBN,Lebanon,2024,25971643441.3408,4473.27134441128,-7.07989192861814,45.2430422716718,82.2323604617121
LBN,Lebanon,2025,,,,14.597595869611,
LBY,Libya,2010,75380825062.4216,11600.9068649472,5.0272476723775,2.79989500109265,98.077213074239
LBY,Libya,2011,48169263294.1007,7593.8391525702,-50.3385151384986,15.5184815317562,63.0054352895288
LBY,Libya,2012,92540938129.1315,14975.8902795144,86.8267484395784,6.05980392156855,98.2243189168448
LBY,Libya,2013,75351107029.0605,11951.7134126011,-17.9979615745681,2.60581802719517,106.334360918106
LBY,Libya,2014,57372355592.022,8926.42074591474,-23.0428058282215,2.43294141599233,76.5248826381117
LBY,Libya,2015,48717501321.3052,7458.48917756374,-0.842656252118843,10.4022933588151,56.9049073326883
LBY,Libya,2016,49912073701.298,7525.80299308216,-1.4909411172622,25.853874212446,41.1101760615135
LBY,Libya,2017,67157452181.7738,9965.83236729757,32.4918021862688,25.8036184788337,47.5489661921214
LBY,Libya,2018,76686029772.1483,11196.5854810844,7.9413678529104,13.1702038536722,63.7811335968183
LBY,Libya,2019,69254496471.6938,9963.19489084483,-11.1960828853386,-2.16217883470591,78.9939691850138
LBY,Libya,2020,46854285440.642,6650.33810585348,-29.4552967282824,1.44703656998741,50.9757934373319
LBY,Libya,2021,35217995647.2862,4935.82787349801,28.2996823429147,2.86833027751015,164.284069967105
LBY,Libya,2022,43246297921.8499,5986.63694851258,-8.29981811198795,4.51030149235695,156.321684682347
LBY,Libya,2023,44027664915.187,6026.51518708812,10.2000497852517,2.3731753143518,161.070232609722
LBY,Libya,2024,48487151215.345,6569.16408678648,1.89995052025442,2.12615766885021,137.511130687153
LBY,Libya,2025,48098909613.6316,6448.82415074121,13.3717080516958,1.84166666666702,137.658573201308
LKA,Sri Lanka,2010,58636049581.1712,2808.36245207687,8.01596737040464,6.2176488930462,
LKA,Sri Lanka,2011,67753285882.299,3224.95745082305,8.66948301160571,6.7167684358854,
LKA,Sri Lanka,2012,70447216891.3366,3327.77612404326,8.6321813769906,7.54291373239437,
LKA,Sri Lanka,2013,76976204074.978,3739.43182292825,4.0517463303875,6.90845034828452,
LKA,Sri Lanka,2014,82531125461.843,3972.04377042271,6.37797889684965,3.1790022823606,
LKA,Sri Lanka,2015,85090300895.6546,4057.71582716521,4.20595547501601,3.76836783062096,46.9179708088698
LKA,Sri Lanka,2016,88000210878.1236,4149.19189391879,5.05362488993089,3.9588884659307,46.4715370250761
LKA,Sri Lanka,2017,94369350439.4732,4398.88828786059,6.46068127080994,7.70413767850602,47.1404098001494
LKA,Sri Lanka,2018,94450015982.806,4358.56095905888,2.31008425504933,2.135037737132,49.8093967520437
LKA,Sri Lanka,2019,88998706177.9986,4081.94772178134,-0.220483886824823,3.52839358231811,49.4255238852768
LKA,Sri Lanka,2020,84335574372.2997,3847.60136741182,-4.62451503712715,6.15394508391738,37.0891188568192
LKA,Sri Lanka,2021,88556699052.2008,3996.96240531688,4.2074764950026,7.01478071238195,41.2288463294978
LKA,Sri Lanka,2022,74143020303.663,3342.63650438046,-7.34919311146656,49.7211021114327,46.6826080179359
LKA,Sri Lanka,2023,84080307355.5983,3815.41531767474,-2.0289296690344,16.5411742279832,43.3476681195134
LKA,Sri Lanka,2024,99616111265.7633,4545.36006870612,4.99241614398109,-0.42936004906973,42.1196098331113
LKA,Sri Lanka,2025,108825231671.196,5002.07904353724,4.9534339114043,-4.76386036960983,41.8090026525048
LTU,Lithuania,2010,36638128534.0643,11829.122609457,0.427199566550769,1.31921362055463,131.626507396009
LTU,Lithuania,2011,43186501862.7907,14261.8433787325,6.32363664821298,4.13027562645085,149.645306927215
LTU,Lithuania,2012,42709372066.8627,14288.1853493139,4.38290584355157,3.08998277055417,156.638925650513
LTU,Lithuania,2013,46303660422.0434,15636.5252586048,4.04691318575325,1.04747937065344,156.626637927418
LTU,Lithuania,2014,48306546656.9281,16446.1647181663,3.7725437958099,0.103758009433708,143.290115780694
LTU,Lithuania,2015,41540954817.2039,14269.8039878287,2.83280643343234,-0.884097405500596,138.195575009601
LTU,Lithuania,2016,42970749245.0336,14934.2702840428,2.67192215053329,0.905525075460342,134.690449650877
LTU,Lithuania,2017,47756764508.446,16800.1510246099,4.61224310312809,3.72288862303707,144.918393101325
LTU,Lithuania,2018,54261795148.5372,19247.2315367967,4.91836780106811,2.69792779208394,147.202132525221
LTU,Lithuania,2019,55122066225.796,19608.7943945553,4.67735183530451,2.33450937988027,148.374996011818
LTU,Lithuania,2020,57412038533.2718,20428.6478157394,0.0428158336981426,1.19989444983569,135.796565563519
LTU,Lithuania,2021,67072165721.2431,23882.8668916753,6.39481772930206,4.68354420903453,154.726303914099
LTU,Lithuania,2022,70639687325.6326,24946.5724005188,2.46532013155011,19.7050461518394,176.631817072239
LTU,Lithuania,2023,80356613554.5602,27983.3658256887,0.739537398185803,9.11731962390475,147.990751776428
LTU,Lithuania,2024,85503938573.5664,29603.7772588256,3.03019543767596,0.715735835228723,142.41991022479
LTU,Lithuania,2025,95210150818.3512,32958.6706396386,2.92007656461696,3.79170510860467,142.106304695382
LUX,Luxembourg,2010,56213985987.4168,110885.991378721,3.76040578658925,2.27367911621542,293.671876906939
LUX,Luxembourg,2011,61696281326.2453,119025.057203467,1.0442860057217,3.4106834106835,308.714453874162
LUX,Luxembourg,2012,59776383527.3602,112584.676270958,1.64971134354685,2.66284165508011,311.786835204686
LUX,Luxembourg,2013,65203276466.9763,120000.140729859,3.17168513780955,1.73403963519162,320.533506316768
LUX,Luxembourg,2014,68804814554.646,123678.706919314,2.62308838097542,0.628543985440717,333.428836459172
LUX,Luxembourg,2015,60071584216.1375,105462.012584423,2.26836572735107,0.474743161437871,351.13195404466
LUX,Luxembourg,2016,62216885435.9488,106899.293549552,4.97819047122638,0.290833333333225,348.437409376889
LUX,Luxembourg,2017,65712180342.9836,110193.213797228,1.31711942298405,1.73079959118896,353.793991980303
LUX,Luxembourg,2018,71085623495.1145,116926.759593905,1.61129891211624,1.5281952430737,361.865445198667
LUX,Luxembourg,2019,69872035113.6469,112696.649059674,2.74932091920692,1.74332075653848,382.66078058442
LUX,Luxembourg,2020,73670782100.3909,116860.02817236,-0.510051634039826,0.819957302127036,375.581394826026
LUX,Luxembourg,2021,86386759695.1653,134965.815442152,6.92973270801744,2.52692009066166,397.506180867971
LUX,Luxembourg,2022,80801680397.0139,123719.658915996,-1.09741256293819,6.33600807777919,412.177169924175
LUX,Luxembourg,2023,88788881539.3937,133230.619178899,0.0994370594039111,3.74140361983136,402.566968197345
LUX,Luxembourg,2024,93279851863.4062,137781.681659123,0.358614003982225,2.05113269954859,351.267921153192
LUX,Luxembourg,2025,101157829491.107,147252.179121515,0.63787818818335,2.25723817871726,349.886879178876
LVA,Latvia,2010,23468324572.3343,11188.4191700977,-3.66125859554762,-1.08463595015155,110.86235386272
LVA,Latvia,2011,26575547900.8247,12902.574053337,3.03634482668815,4.37073559939223,129.734758014485
LVA,Latvia,2012,27116149948.6683,13329.3499931271,7.30524057200897,2.25778924374585,133.211503650958
LVA,Latvia,2013,29152128167.8438,14484.4715282132,2.09609028156248,-0.029454778257828,129.677184929099
LVA,Latvia,2014,30277203767.4058,15185.814581236,2.0949597710559,0.620490636732421,130.042252244959
LVA,Latvia,2015,26344565876.8902,13321.9753140616,3.78336712084972,0.174242243625186,126.380014406006
LVA,Latvia,2016,27117105059.5075,13838.5266823272,2.55168601974034,0.140633334505327,123.330518429659
LVA,Latvia,2017,29391059767.4259,15132.4958333982,3.39894872623931,2.93036312374665,128.714003328884
LVA,Latvia,2018,33247935477.3576,17252.1710428626,4.30971286294503,2.53445424186598,128.234095559822
LVA,Latvia,2019,33099503950.847,17294.9751600969,0.675372771884227,2.81140920075624,125.29163170793
LVA,Latvia,2020,33379927434.6149,17564.2321549354,-3.46922750780554,0.219064904841985,123.88319804656
LVA,Latvia,2021,38183326784.9335,20261.8887788916,6.94254173062592,3.27582937431165,136.796615414819
LVA,Latvia,2022,38003198508.9107,20221.103686109,1.90853419029801,17.3102830198815,159.892778190649
LVA,Latvia,2023,42779550936.838,22710.2637544197,-0.941606068823631,8.9380462331663,135.642989154266
LVA,Latvia,2024,44001275012.6141,23578.9663562625,-0.0370556648288982,1.26579885828729,131.309582395769
LVA,Latvia,2025,48618869160.3254,26311.9730706362,2.13786855731288,3.74577316751945,129.724453873327
MAR,Morocco,2010,100865329473.44,3067.9853515625,3.49955709403216,0.993557401226392,69.541979610144
MAR,Morocco,2011,110080631332.375,3301.98876953125,5.52464523319847,0.9069249096918,76.8258714906247
MAR,Morocco,2012,106937392311.129,3164.17724609375,3.06234368502997,1.28712240079219,78.2221018956072
MAR,Morocco,2013,115739287305.08,3379.7431640625,4.12221286860944,1.88065466724086,73.8577565315318
MAR,Morocco,2014,119130841411.664,3435.40698242188,2.7192440802029,0.442310053557048,71.8935667539398
MAR,Morocco,2015,110413823841.592,3146.24780273438,4.34458297635238,1.5579071134626,67.2886759253849
MAR,Morocco,2016,111572947004.917,3140.85546875,0.52118550608968,1.63531114327064,71.1226603816864
MAR,Morocco,2017,118540573367.844,3296.52661132813,5.05789816173446,0.754663249323619,74.1733578786573
MAR,Morocco,2018,127341147581.818,3501.69799804688,3.06564133025955,1.80391671141896,77.2548875243989
MAR,Morocco,2019,128920266409.458,3508.09765625,2.89097476137077,0.303386036590383,75.9981158798422
MAR,Morocco,2020,121353645057.144,3268.0302734375,-7.17820744246774,0.705968661338261,68.8438033904364
MAR,Morocco,2021,142022058447.231,3785.93627929688,8.15473889823681,1.40195883962006,75.5234171756506
MAR,Morocco,2022,131245312804.483,3463.1376953125,1.81269242194809,6.65704202759067,100.906310201651
MAR,Morocco,2023,146036093666.762,3813.72607421875,3.65564411017931,6.09114152504141,93.1178844179777
MAR,Morocco,2024,160610994054.734,4153.1943359375,3.79336515978963,0.985256592004507,92.1872446062404
MAR,Morocco,2025,182374250612.28,4672.46826171875,4.59524349182247,0.701902154839545,93.1016567989424
MDG,Madagascar,2010,9982711338.07029,450.009391645726,0.619239744622121,9.24732173644116,57.8748945101807
MDG,Madagascar,2011,11551819617.874,506.163691559309,1.57842705366555,9.48254048582992,56.4830925951893
MDG,Madagascar,2012,11578975061.9479,493.511162904211,3.01114811621208,5.71384434191053,52.6517140811255
MDG,Madagascar,2013,12423555455.3853,515.301589361832,2.30037622800727,5.8264294445198,56.3675817900932
MDG,Madagascar,2014,12522957399.2281,505.684922503435,3.33920311195367,6.08040811088302,61.9694322111234
MDG,Madagascar,2015,11323020701.3017,445.320069480568,3.13229807490305,7.40419174202129,61.2203788365078
MDG,Madagascar,2016,11848613858.442,453.970714522463,3.99314606199499,6.03575858154679,60.8346984831423
MDG,Madagascar,2017,13176313593.5509,491.866848718929,3.93330759462793,8.60905075422949,65.3434015072915
MDG,Madagascar,2018,13760033282.2925,500.45718552916,3.19435651744398,8.59422958870476,67.8415046683582
MDG,Madagascar,2019,14104664678.5063,499.818837622534,4.41123212909589,5.61051441492365,62.6013230457128
MDG,Madagascar,2020,13051441204.053,450.771615205157,-7.13767162064489,4.20179312190557,49.0107073650291
MDG,Madagascar,2021,14354731964.3258,483.469463351195,4.65068343174309,5.81225118787715,55.2158585927485
MDG,Madagascar,2022,15342178598.2475,504.059106969168,4.13753534956307,8.16059031991844,70.4708546790091
MDG,Madagascar,2023,16036707975.7567,514.064076551927,4.23086580696344,9.87432675044888,62.7622147594312
MDG,Madagascar,2024,17592832696.1336,550.37875528856,4.32283728087992,7.61335784313723,57.5370213293734
MDG,Madagascar,2025,19620352035.7899,599.265294255357,3.002568866856,8.05052431791227,54.2413796011714
MDV,Maldives,2010,2588176054.6875,7173.59601844692,6.7854678229144,6.14988536750173,
MDV,Maldives,2011,2774350240.04918,7424.520410971,8.84342600490342,11.2734146055937,
MDV,Maldives,2012,2886163997.20531,7461.29703686309,2.38928797963442,10.884695658563,
MDV,Maldives,2013,3295009237.50107,8236.08177944126,6.97496226412528,3.8056300091943,
MDV,Maldives,2014,3697353039.20043,8939.07416571472,7.86068643108074,2.12000175718134,165.97925116043
MDV,Maldives,2015,4129505319.12921,9644.90655028145,3.86813536494475,0.953206658777607,143.720506661302
MDV,Maldives,2016,4409942623.85538,9947.80744731739,6.37528306716864,0.502509413611612,144.380212278942
MDV,Maldives,2017,4816426256.52914,10509.628805812,7.07442863215275,2.81747338234509,141.912110574952
MDV,Maldives,2018,5404344162.69888,11423.2838427029,8.5689555834747,-0.133373386117595,142.491128546618
MDV,Maldives,2019,5726094799.37709,11740.2724029785,6.92305989050099,0.220029731065383,137.125230875185
MDV,Maldives,2020,3712604583.36665,7393.8886543933,-32.9088287752921,-1.36977425569811,114.361902904327
MDV,Maldives,2021,5252457369.55218,10176.143882547,37.507870124321,0.543149688737013,142.607296696261
MDV,Maldives,2022,6177123352.26211,11786.0191492983,13.8260895184139,2.3305404647725,162.243432933656
MDV,Maldives,2023,6621008703.95743,12587.6126038651,4.94286301229583,2.90372427754586,149.349976177434
MDV,Maldives,2024,7061608267.25451,13379.3513577224,3.49440422654285,1.41093527910134,156.473955741011
MDV,Maldives,2025,7741066860.6337,14614.7208116541,6.31092335003081,4.00578494118752,
MEX,Mexico,2010,1105424238651.95,9728.80078307432,4.9713345832195,4.15672722680174,59.2733845336286
MEX,Mexico,2011,1229013703416.76,10664.4944032313,3.44404505297089,3.40737824605742,62.1623872764498
MEX,Mexico,2012,1255110424741.85,10744.1335236186,3.55321076010608,4.11150981070289,64.2579318938989
MEX,Mexico,2013,1327436290439.27,11216.800851866,0.852101550164704,3.80639069747204,62.6916747661852
MEX,Mexico,2014,1364507717689.36,11391.3773503964,2.50376350783593,4.01861608078679,64.0984090315875
MEX,Mexico,2015,1213294467653.78,10021.2386113616,2.70232343024026,2.72064064964023,70.4129746799259
MEX,Mexico,2016,1112233497452.7,9097.92397674769,1.7724932254128,2.8217078474766,75.6903034088551
MEX,Mexico,2017,1190721475853.16,9649.27816729586,1.87172854648381,6.04145724018986,76.95212604414
MEX,Mexico,2018,1256300182983.65,10084.7937570364,1.97208211101069,4.89935015356551,80.212661650262
MEX,Mexico,2019,1304106204006.27,10369.5553593527,-0.392690513290532,3.63596142127046,77.4619722509459
MEX,Mexico,2020,1121064767168.8,8841.27074929751,-8.35403459379062,3.39683415570006,76.8545557151738
MEX,Mexico,2021,1316569466833.94,10314.0506733708,6.04848347173572,5.68920847683753,83.0692976264524
MEX,Mexico,2022,1466934724243.38,11405.7940469896,3.70975708309098,7.8962761916855,88.7984855897261
MEX,Mexico,2023,1794410347718.25,13830.843848864,3.1067964131456,5.52796087314389,73.7390758255664
MEX,Mexico,2024,1830489311088.89,13988.0423745241,1.35057631384696,4.72225588452932,75.4259015415068
MEX,Mexico,2025,1832641364775.52,13889.2339628708,0.561683456144578,3.80668650726485,79.9239525815655
MHL,Marshall Islands,2010,161100000.0,3095.45768964722,5.53918680023571,,144.804965859714
MHL,Marshall Islands,2011,172300000.0,3319.39815439151,-0.502512562814076,,153.240162507255
MHL,Marshall Islands,2012,180700000.0,3514.26515490383,-1.29068462401796,,157.517100166021
MHL,Marshall Islands,2013,186400000.0,3677.90690791421,3.80898237635019,,161.91974248927
MHL,Marshall Islands,2014,186000000.0,3735.23977829545,-1.25958378970427,,149.853494623656
MHL,Marshall Islands,2015,183700000.0,3764.34426229508,1.88574597892401,,138.489820359281
MHL,Marshall Islands,2016,201800000.0,4229.80988911945,2.5040827436037,,116.326362735382
MHL,Marshall Islands,2017,213700000.0,4592.83457628576,3.55815188528943,,125.145250350959
MHL,Marshall Islands,2018,220000000.0,4858.12079054875,5.48717948717949,,128.482272727273
MHL,Marshall Islands,2019,232900000.0,5292.33985502306,10.4521147301896,,153.007728638901
MHL,Marshall Islands,2020,241800000.0,5661.96787336674,-2.77288732394366,,107.825971877585
MHL,Marshall Islands,2021,261245500.0,6315.31172190393,2.15939339067452,,120.056192355466
MHL,Marshall Islands,2022,258723500.0,6455.6603538189,-0.700580183196621,,128.337974710453
MHL,Marshall Islands,2023,264000000.0,6799.39217554794,-5.39477377525279,,118.181818181818
MHL,Marshall Islands,2024,285000000.0,7590.28443592202,3.30188679245282,,118.245614035088
MHL,Marshall Islands,2025,308000000.0,8489.05793506422,2.28310502283105,,115.909090909091
MLI,Mali,2010,12710739159.5014,797.151541141189,5.57678859793515,1.10892690670186,48.8166953656891
MLI,Mali,2011,15452791788.9356,938.292902579598,2.93537897118415,2.95564395229392,43.1814699134793
MLI,Mali,2012,14795114602.6122,872.506092463946,-1.07239924147837,5.32312847064058,49.4252356224725
MLI,Mali,2013,15747192680.9971,901.920957649814,3.29068742053545,-0.606736356351563,54.603243985999
MLI,Mali,2014,17081681993.2577,947.915033293219,6.50263878386326,0.883814547137841,51.0786821873053
MLI,Mali,2015,15583181170.4105,838.11986940103,6.23887890181064,1.45069057605961,53.5751760102265
MLI,Mali,2016,16743796799.8329,872.468587171653,6.00506308559498,-1.79964707083386,53.6126193604252
MLI,Mali,2017,18308362040.0521,924.057531692284,5.37554769647939,1.75985742927165,49.4919984941972
MLI,Mali,2018,20368015381.2413,996.379292136901,4.86784999935264,0.299546507387843,50.6998462523276
MLI,Mali,2019,20477421884.5414,971.949318638092,4.99999911699705,-1.65826694846365,53.9987132798636
MLI,Mali,2020,20698560938.7775,953.242943290974,-1.16910834857605,0.438088940320669,56.0415474422019
MLI,Mali,2021,22999245262.6719,1027.27345365357,3.10094124463507,3.92560283104277,56.7150525565465
MLI,Mali,2022,22539987718.7642,976.914116406452,3.70319027585386,9.62147608489064,61.5613274861987
MLI,Mali,2023,24777941860.767,1042.44223444837,4.76394100040932,2.05880228274223,57.6291572269296
MLI,Mali,2024,26761281076.7658,1093.2523323649,5.01653579205785,3.2063986409966,49.7664846904175
MLI,Mali,2025,30069148580.7688,1193.27601004701,5.59946842896643,3.27823540357584,48.7722026619492
MMR,Myanmar,2010,49540813342.4834,1010.53417343401,9.6344394520444,7.71838195873614,
MMR,Myanmar,2011,59977326085.9908,1213.62898703376,5.59148237823661,5.0214601462073,
MMR,Myanmar,2012,59937796648.2158,1202.6658960055,7.33267044704149,1.46758322674679,
MMR,Myanmar,2013,60269732854.827,1199.09561597055,8.42600102501767,5.64303883425501,
MMR,Myanmar,2014,65531374199.6663,1293.00042298688,8.16990745558277,4.953299184844,
MMR,Myanmar,2015,59607290407.6191,1166.73305546337,6.99284029026121,9.45417189526018,
MMR,Myanmar,2016,63298361996.2153,1229.19713515893,5.86247291518572,6.92882525816076,
MMR,Myanmar,2017,66053040483.0016,1272.82241830603,6.13610824360305,4.5725365531752,
MMR,Myanmar,2018,67860515989.517,1298.21310320785,6.26886221471075,6.87232865662935,
MMR,Myanmar,2019,75065106227.6892,1425.98954211903,6.57911006765414,8.82506696804558,
MMR,Myanmar,2020,79006113643.1906,1490.21683548367,-9.04834717984643,,
MMR,Myanmar,2021,66345291160.1683,1242.72134419599,-12.0163724829177,,
MMR,Myanmar,2022,62253049891.6449,1158.05005034332,4.0374934360085,,
MMR,Myanmar,2023,66757619000.0,1233.19666209269,0.958446625126115,,
MMR,Myanmar,2024,74068349523.8095,1359.05001560107,-0.97204641363362,,
MMR,Myanmar,2025,81665773809.5238,1488.87527836542,-2.01184475795665,,
MNG,Mongolia,2010,7189481998.90094,2625.21881402433,6.3651616786311,10.0462065881651,103.350031656557
MNG,Mongolia,2011,10409797377.8571,3736.04201455077,17.2907775869555,8.41121495327101,126.999228633482
MNG,Mongolia,2012,12292770631.565,4328.89001905655,12.3198198494032,14.3303348325838,109.588564338415
MNG,Mongolia,2013,12582122604.2577,4340.14310544449,11.6489161878925,10.4906567588241,100.311989662943
MNG,Mongolia,2014,12226514668.0622,4126.23975800524,7.88522548204762,12.2539808129759,109.322311877187
MNG,Mongolia,2015,11619892590.6941,3838.92126989984,2.37983580731722,5.73568281938327,89.653663477814
MNG,Mongolia,2016,11181350649.3573,3619.90026383792,1.48978448679577,0.733272227314397,101.055237224997
MNG,Mongolia,2017,11480847740.736,3645.96708669551,5.63687638694772,4.30143105302342,115.932901867963
MNG,Mongolia,2018,13178094720.4986,4107.64288528468,7.74488062024881,6.82424790145522,126.355873241513
MNG,Mongolia,2019,14206359017.5143,4347.54610314873,5.60224422064255,7.30106953550729,124.396514621165
MNG,Mongolia,2020,13312981429.0891,4001.25193077703,-4.55775197583431,3.7237230614026,112.838647629317
MNG,Mongolia,2021,15286441737.6686,4517.61578018785,1.63676957736662,7.35894657888155,119.098078437771
MNG,Mongolia,2022,17146471713.748,4993.51487463495,5.0327096366527,15.1509728200805,136.327929944516
MNG,Mongolia,2023,20325121393.9074,5838.63108083902,7.4221127615025,10.347583131434,142.864246599181
MNG,Mongolia,2024,23794540024.5132,6750.6301157724,5.12204539122661,6.1977990165842,138.448379141249
MNG,Mongolia,2025,25369107325.4549,7108.22743246244,6.84391415938607,8.60536487369695,130.707440813275
MOZ,Mozambique,2010,11411894723.864,496.185839392659,6.67972935662864,12.4255421735156,73.8373532681892
MOZ,Mozambique,2011,14619279988.716,618.17649286789,7.13405842300445,11.1666056127874,84.4062119333019
MOZ,Mozambique,2012,16688114144.0745,685.685748199513,7.9945031610722,2.60245456956618,105.934588060511
MOZ,Mozambique,2013,17198073057.1981,686.505672517351,6.57141389665537,4.26135250941963,109.38537659913
MOZ,Mozambique,2014,17978246586.0662,697.142680444123,7.70256844839309,2.55974875844295,116.356855242217
MOZ,Mozambique,2015,16208985769.615,610.563774706589,7.3930936986377,3.55075967356746,98.7612036510901
MOZ,Mozambique,2016,12069051237.1711,441.489734819071,4.69699024225795,17.4180418197597,110.394358201481
MOZ,Mozambique,2017,13264640645.7768,470.93856305196,2.63820737310658,15.1132073899384,105.745640702087
MOZ,Mozambique,2018,15017358952.8452,517.507260258101,3.48493202422782,3.91133439990729,124.607457525372
MOZ,Mozambique,2019,15512759046.672,519.09255091362,2.31781394821475,2.80270307928111,105.591171401921
MOZ,Mozambique,2020,14235420174.1884,462.433876479921,-1.21952250011192,3.48393567493204,99.906146051979
MOZ,Mozambique,2021,16168055475.4449,509.907829475551,2.37743572761507,6.40847652975692,112.078964458333
MOZ,Mozambique,2022,18884232598.8698,578.273222184503,4.3693080193804,10.2794018093421,135.274535098995
MOZ,Mozambique,2023,20927498317.3094,622.191133245967,5.50384456650241,7.12697482131851,106.026083626657
MOZ,Mozambique,2024,22752244245.473,656.976148587772,2.14892499135355,4.07856834812022,95.6303976635291
MOZ,Mozambique,2025,22337997046.1913,626.914419215727,-0.523485382072337,4.3684695014615,97.1038097628682
MRT,Mauritania,2010,5628878797.98257,1659.96369705455,2.62022952055378,6.28354087427704,93.4207451334608
MRT,Mauritania,2011,6764627745.9033,1931.19975525465,4.17278328304418,5.68631959575954,98.485329604158
MRT,Mauritania,2012,6728208836.22143,1859.11733247641,4.47001318233693,4.90242727217997,110.788122743421
MRT,Mauritania,2013,7230646063.35983,1936.26950446101,4.15081318627171,4.12910173783393,102.398824183169
MRT,Mauritania,2014,6615483550.17817,1718.97089374709,4.27482327130284,3.53436856147324,91.610371363604
MRT,Mauritania,2015,6182303676.55144,1558.84205473416,5.37633923694936,3.25472688117631,77.3467864944966
MRT,Mauritania,2016,6407900701.25829,1568.00551190332,1.26090922448303,1.47171045650004,73.1532616736712
MRT,Mauritania,2017,6812472965.33868,1617.93401542267,6.27054569386574,2.25427651934813,78.8149801833884
MRT,Mauritania,2018,7475471309.52265,1723.37809442655,4.77217363890155,3.06735996058356,89.1467294935148
MRT,Mauritania,2019,7894764885.82312,1767.072710621,3.14100489264639,2.30009262117937,93.4866941351317
MRT,Mauritania,2020,8260567356.81635,1795.72437324423,-0.36065738652286,2.3856948845632,86.7761681322741
MRT,Mauritania,2021,9221044666.76483,1947.47413907209,0.7427154981402,3.56516484650185,88.3068737571235
MRT,Mauritania,2022,9562497460.55394,1961.28166648869,6.7960049994761,9.52526628622843,102.025899125696
MRT,Mauritania,2023,10687541640.1299,2127.9576285973,6.80949002457973,4.95305034506872,92.1654445146742
MRT,Mauritania,2024,10879212033.4823,2104.54260769051,6.3076021190402,2.49164347481972,93.5988355881472
MRT,Mauritania,2025,11679910946.4371,2197.51046251309,4.02891976567948,1.54796926167072,94.0242632380265
MUS,Mauritius,2010,10144716154.9356,8113.17670740212,4.39672657214976,2.93236301369857,111.508202075575
MUS,Mauritius,2011,11677718382.4259,9324.24232310496,4.14555262561014,6.52249254869341,115.552473002804
MUS,Mauritius,2012,11832323837.1071,9421.52514098225,3.51062090167264,3.85216033315983,117.447639083027
MUS,Mauritius,2013,12434596541.2996,9877.13865958834,3.39755085220649,3.54329573934839,136.552117959236
MUS,Mauritius,2014,13230490081.5656,10490.3315563853,3.85773905280689,3.21769191994684,135.099064765426
MUS,Mauritius,2015,12162211503.0793,9630.5437837507,3.71766362108832,1.28654970760232,133.135069083677
MUS,Mauritius,2016,12757680846.5663,10095.1225574156,3.88576121076034,0.977675134718965,126.310008998042
MUS,Mauritius,2017,13896938315.2799,10986.7034093005,3.95441730960265,3.66699702675925,126.964059884888
MUS,Mauritius,2018,14957535715.9696,11818.7480619272,4.11669369456492,3.2160538314457,123.538984386544
MUS,Mauritius,2019,14645235204.6176,11568.2533399824,2.86394938684734,0.405655190309553,127.940899064133
MUS,Mauritius,2020,11566111137.5568,9135.84773751062,-14.1974358137792,2.5808007718283,121.12522550435
MUS,Mauritius,2021,11622048696.8129,9177.71195973013,3.33809084057279,4.02852888157376,135.19300461461
MUS,Mauritius,2022,12936444123.3037,10246.5017455553,8.3424438025047,10.7737512242899,147.663795034012
MUS,Mauritius,2023,14072212290.4596,11269.9684462139,4.69918189687444,7.05298238454736,147.321392128852
MUS,Mauritius,2024,14938055690.3609,11990.9355434317,4.94844235250574,3.6045220384796,145.419812647383
MUS,Mauritius,2025,16157804491.7614,12991.2935987166,3.15157395305867,3.67359279962943,139.942681072644
MYS,Malaysia,2010,255017638455.59,8899.34505544675,7.42484738326097,1.62285235577035,157.944764886771
MYS,Malaysia,2011,297951668674.835,10217.1068585031,5.29391283414003,3.1744709215131,154.937684607226
MYS,Malaysia,2012,314443047642.111,10600.5744240026,5.47345419253853,1.66357102479206,147.841754766013
MYS,Malaysia,2013,323276235524.415,10713.6407638899,4.69372252557893,2.10501231233612,142.720991464873
MYS,Malaysia,2014,338066095097.254,11013.3107334403,6.00672194558203,3.14299050879095,138.312231176843
MYS,Malaysia,2015,301355266964.947,9648.6797937523,5.09153242155011,2.10438980238359,131.37007244526
MYS,Malaysia,2016,301256033870.334,9476.53409809923,4.44978139761541,2.09056659525742,126.8990100257
MYS,Malaysia,2017,319109094160.343,9862.54806612235,5.81272240983328,3.87120115774237,133.155173371956
MYS,Malaysia,2018,358788845712.53,10901.8019954421,4.84308697634881,0.884709160571235,130.402625502126
MYS,Malaysia,2019,365177721021.516,10920.191763972,4.41318742129586,0.662891865764326,123.028562027943
MYS,Malaysia,2020,337456163961.211,9957.52626697613,-5.45684658426701,-1.1387021539305,116.788182437638
MYS,Malaysia,2021,373784553029.978,10903.1037480772,3.31534954399166,2.47710241465447,134.035994690727
MYS,Malaysia,2022,407830525989.553,11754.5678336248,9.03173723044451,3.37869862549928,146.424604753908
MYS,Malaysia,2023,399949418752.657,11386.0395636528,3.5370638041057,2.48886560125754,132.593461641599
MYS,Malaysia,2024,422227005428.688,11874.4273684245,5.10545921024041,1.834100204499,137.362571161559
MYS,Malaysia,2025,472193128644.597,13124.5554178269,5.17127082911057,1.38060872293692,136.39642032295
NAM,Namibia,2010,11431412421.1316,5418.21633365814,6.03924947955858,4.8749198764395,108.072477173606
NAM,Namibia,2011,12523359440.5499,5834.7917675794,5.09133813864338,5.005595180812,102.189147754138
NAM,Namibia,2012,13042053591.6857,5942.64680978673,5.0616820696264,6.72199777334886,100.2134087743
NAM,Namibia,2013,12043307277.1235,5346.62131149967,5.61471962254485,5.60092502290401,97.7249042303832
NAM,Namibia,2014,12435430969.6301,5378.32326241205,6.09251915977956,5.35016966859602,103.080137009254
NAM,Namibia,2015,11335161083.5061,4774.10650865775,4.26417453763675,3.39401538410559,97.2390317873478
NAM,Namibia,2016,10722018732.0936,4395.68776162376,0.0337944502063294,6.72858234593338,93.966187960162
NAM,Namibia,2017,12895153370.9132,5143.96072323076,-1.02724808856709,6.14579981111164,81.2196661011436
NAM,Namibia,2018,13682019076.4022,5308.60813408705,1.05993949860752,4.29159105337875,81.7138652963804
NAM,Namibia,2019,12541928303.48,4731.9210318831,-0.839152163419357,3.72239414422695,82.9011507426355
NAM,Namibia,2020,10583748541.5258,3878.58982993966,-8.10140201443319,2.20938236933469,76.9252424036465
NAM,Namibia,2021,12402486183.6396,4412.8355693052,3.60382919248703,3.61690530108814,83.5443030923624
NAM,Namibia,2022,12569449123.3661,4349.79908493314,5.3987247803654,6.08128114112413,99.2625547814064
NAM,Namibia,2023,12522012873.7957,4225.99102418102,4.32498048866805,5.87993463284275,109.8175996703
NAM,Namibia,2024,13641190683.4641,4501.84849548225,3.77851723267591,4.23903922877036,108.00119146619
NAM,Namibia,2025,15080340653.5276,4875.92558158247,1.73018153842335,3.51074539609587,108.580501173828
NER,Niger,2010,7851192502.30917,474.425692340831,8.57816674262253,0.804073080882659,51.9459863027627
NER,Niger,2011,8772950777.79176,510.75956176268,2.35775693603874,2.9423851401332,50.2463951569345
NER,Niger,2012,9426912647.59111,528.510104469655,10.5489445763446,0.455089820359289,45.08596447308
NER,Niger,2013,10224897437.8648,552.103334363117,5.31513063394726,2.29723114955317,46.2951491493291
NER,Niger,2014,10862943543.5419,565.30989731175,6.64213665495603,-0.930287259984466,45.7416008365932
NER,Niger,2015,9683867926.44282,485.662574175279,4.39264883207291,-0.576090369833189,44.727430371186
NER,Niger,2016,10341025540.2322,499.910520068193,4.28137558478143,1.65388922387806,36.6748378115692
NER,Niger,2017,11359273443.3897,529.929418934868,5.53198531271451,2.79637318871284,39.0298956366247
NER,Niger,2018,12800907985.9863,576.927536415462,6.89458420864513,2.96760366004456,38.2929695977016
NER,Niger,2019,12420836506.7888,541.265819870273,6.07881528959186,-2.48979265070855,39.289303673296
NER,Niger,2020,13648332189.7307,575.451340306915,4.45481803846413,2.8981937602627,36.3388196908038
NER,Niger,2021,14936154253.3242,609.585703670137,1.11520063869706,3.8378680284051,38.0460948786617
NER,Niger,2022,15531799640.9005,613.614736429298,12.2215497467041,4.22621791916392,37.1460454100715
NER,Niger,2023,16949765463.9058,647.930108509567,2.63516980401258,3.70097316425834,30.7176535069056
NER,Niger,2024,19729786046.7618,729.856664168989,8.32327058280728,9.07151997725013,24.388946208843
NER,Niger,2025,21646191388.2507,775.353622143879,7.00782960149,-4.45470804102568,33.9056863589743
NGA,Nigeria,2010,366990417129.04,2202.25672957344,8.00565591623166,13.7400521363694,
NGA,Nigeria,2011,414466676831.16,2418.41316975875,5.30792420293915,10.8261371880018,
NGA,Nigeria,2012,463971018239.281,2633.19734671361,4.23006117492493,12.2242413020582,
NGA,Nigeria,2013,520117180313.906,2872.79083379398,6.67133539308232,8.49551838265678,
NGA,Nigeria,2014,574183763411.508,3088.72131316169,6.30971865521856,8.04741087967907,
NGA,Nigeria,2015,493026682800.63,2585.73360671797,2.65269329541779,9.00943498007706,
NGA,Nigeria,2016,404649125252.16,2070.4127339595,-1.61686894903467,15.6968126387972,
NGA,Nigeria,2017,375745731053.427,1876.34027111773,0.805886619091581,16.5022662139641,
NGA,Nigeria,2018,421739251509.08,2057.87944554011,1.92275734199798,12.0951065173432,
NGA,Nigeria,2019,668219992686.575,3189.81286496183,2.20842927835211,11.3964223378115,
NGA,Nigeria,2020,598586817817.392,2797.184580679,-6.36889840468527,13.2460234276598,
NGA,Nigeria,2021,609147716965.348,2787.48779220991,1.109252540249,16.9528457221608,
NGA,Nigeria,2022,646950257575.455,2899.16047469267,4.31882949157136,18.8471877843274,
NGA,Nigeria,2023,487387801877.803,2138.76383718757,3.31590368111438,24.659550203114,
NGA,Nigeria,2024,252261880140.271,1084.16041805058,4.07106650147703,33.2416590552749,
NGA,Nigeria,2025,290794361542.112,1224.25410237743,4.01336180700973,23.0101235833333,
NIC,Nicaragua,2010,8758602232.98358,1526.56706951408,4.41009911716546,5.45513425887423,100.364058423919
NIC,Nicaragua,2011,9774329332.71276,1679.71192084633,6.31668553491842,8.082387980991,111.827453935999
NIC,Nicaragua,2012,10532017231.8253,1784.69836017555,6.4961364710876,7.1935505333896,115.177288474198
NIC,Nicaragua,2013,10982988249.2103,1835.43996363715,4.92709413447304,7.13546785289407,110.984207880382
NIC,Nicaragua,2014,11880438824.4494,1958.37047579547,4.78546013589983,6.03596861798425,106.698200190796
NIC,Nicaragua,2015,12756696261.0676,2074.45620634731,4.79226768332697,3.99737996694396,98.194164594236
NIC,Nicaragua,2016,13286093388.4752,2131.68704828322,4.56314739524967,3.52317317628473,93.8137278130087
NIC,Nicaragua,2017,13785893007.4769,2182.61380995674,4.63120757580209,3.85067166284727,96.3805864351182
NIC,Nicaragua,2018,13025221974.232,2035.16549390507,-3.3633566598573,4.94723728039886,93.9847404925404
NIC,Nicaragua,2019,12699023614.245,1958.62051528095,-2.89686986728901,5.37628990844126,94.0422159246213
NIC,Nicaragua,2020,12726422432.4868,1938.44704754382,-2.23654176262323,3.68181341625572,88.6381231228968
NIC,Nicaragua,2021,14209019392.3025,2138.38573878237,10.4543887816515,4.92841396948968,106.20739806697
NIC,Nicaragua,2022,15634573555.9049,2322.89069619459,3.55027477135765,10.4674244465991,115.454670931919
NIC,Nicaragua,2023,17805842220.7571,2609.44491147975,4.42779393186883,8.38765854872536,105.019535579852
NIC,Nicaragua,2024,19696311850.3289,2847.87639497305,3.58094495324541,4.62473841057141,99.146065089948
NIC,Nicaragua,2025,22237167113.0916,3173.33724815085,4.92352556770889,2.08132127098376,96.4496947305229
NLD,Netherlands,2010,852464982433.335,51305.7338533973,1.31935287897116,1.27530569556679,130.081707935343
NLD,Netherlands,2011,913140741332.687,54701.7728030611,1.77330320575034,2.34107017751373,141.757099325776
NLD,Netherlands,2012,845689017065.625,50473.9442002689,-0.977826121310997,2.45554765291614,149.393223058131
NLD,Netherlands,2013,883951539006.669,52602.2860520766,-0.0302410184270769,2.50689852657875,150.651850226949
NLD,Netherlands,2014,901556501756.467,53457.2234864322,1.61255885112396,0.976035079699679,151.715891056501
NLD,Netherlands,2015,775743675302.734,45793.8135434697,2.12064007193544,0.600248147278776,160.325812564809
NLD,Netherlands,2016,797163949289.885,46808.5291492503,2.42428065449427,0.316666666666652,150.96552921165
NLD,Netherlands,2017,848233537845.884,49513.6817346384,2.78150834679987,1.38145871407216,159.646059656847
NLD,Netherlands,2018,929733599796.862,53955.0770024266,2.25873158164956,1.70349794744479,163.559146573044
NLD,Netherlands,2019,928903005576.469,53554.9007491475,2.3001616053659,2.63369910249591,160.676671884999
NLD,Netherlands,2020,932560861701.17,53467.9277413737,-3.86799714191608,1.27246037789161,152.233230409706
NLD,Netherlands,2021,1054472123449.6,60141.9880911492,6.27683593745216,2.67572008805385,163.154842689698
NLD,Netherlands,2022,1046540797548.64,59123.318556487,5.00723453395074,10.0012078753473,184.107484252682
NLD,Netherlands,2023,1135475867551.0,63515.6030780019,-0.598061017580278,3.83839354342808,165.030429478933
NLD,Netherlands,2024,1213936238063.28,67465.3208126875,1.07383137319854,3.34754304219953,153.956290574682
NLD,Netherlands,2025,1332767651100.39,73683.917132794,1.78463214703797,3.2595766451366,150.119970359267
NOR,Norway,2010,440132138425.479,90020.342257973,1.00493269017117,2.41890639481003,67.1044480331039
NOR,Norway,2011,512868581627.712,103545.218988177,1.38505117083945,1.2849515880916,68.3082228214528
NOR,Norway,2012,525082939406.962,104627.93694681,2.82395673492459,0.696864111498263,67.2907057063447
NOR,Norway,2013,540132255319.149,106333.138368566,1.27290177696287,2.12048620353112,66.6575278489713
NOR,Norway,2014,515829568897.117,100410.020200979,2.09521388080101,2.04170286707211,67.7741797940433
NOR,Norway,2015,400669174330.888,77220.9524311414,2.04428845501438,2.17113665389527,68.8351790107466
NOR,Norway,2016,383284047619.048,73222.4006864905,1.29158732771135,3.55000000000007,67.3341230829057
NOR,Norway,2017,415673181543.421,78771.2151264554,2.66964474273466,1.87510059552545,67.1957153368952
NOR,Norway,2018,454588871810.636,85579.0776455494,1.1103912365576,2.76483134528797,68.1761206012317
NOR,Norway,2019,424244886363.636,79329.3075190012,1.46970781954143,2.16773003305411,68.880243105732
NOR,Norway,2020,382252517921.94,71057.5879471399,-1.36055723261586,1.28658490707996,63.3673184179043
NOR,Norway,2021,521592200232.829,96442.5552173002,4.14314688769197,3.48388055266669,69.1060572345311
NOR,Norway,2022,617321834098.986,113122.130765691,4.08039770659241,5.76412317852272,79.9216011363033
NOR,Norway,2023,502197633322.816,90984.4087141111,0.352695581319765,5.51784987104659,77.401189583706
NOR,Norway,2024,500886328034.123,89888.9535204758,1.42372134524737,3.14530134431081,79.5796368227724
NOR,Norway,2025,530755719438.879,94594.1929573987,1.08528185031417,3.05562484410077,79.0528319312867
NPL,Nepal,2010,16002656434.4746,585.278491984574,4.81641464694573,9.32650410745395,45.9849057742707
NPL,Nepal,2011,21573872420.7008,785.518656222132,3.42180870116162,9.2270754612596,36.2967588899367
NPL,Nepal,2012,21703100877.1309,788.202937148377,4.67014192446953,9.45980980357125,37.921906058758
NPL,Nepal,2013,22162204924.5726,803.269595420477,3.52515317129149,9.04016311917645,41.8653757376722
NPL,Nepal,2014,22731612922.1906,821.455224911731,6.01148284250441,8.36415469659563,45.9826416115927
NPL,Nepal,2015,24360801286.7638,875.543635474862,3.97605327162971,7.86890895590891,46.6657303895158
NPL,Nepal,2016,24524109483.5293,877.256454696737,0.433113719381524,8.7903433200464,42.1154861221646
NPL,Nepal,2017,28971588940.364,1034.28374906846,8.97727935643466,2.77703998300211,44.6424106217427
NPL,Nepal,2018,33111525237.149,1179.19843190389,7.62237610397933,4.40659410175714,48.4473869463778
NPL,Nepal,2019,34186180699.0255,1203.14294706401,6.65705543110468,5.56616035243723,49.2495265869012
NPL,Nepal,2020,33433659301.2466,1154.21517578318,-2.3696206292072,5.05635826238499,40.9188741248444
NPL,Nepal,2021,36924841394.2605,1252.75076731986,4.838149614115,4.12676744440695,43.0538047912219
NPL,Nepal,2022,41182939519.8161,1385.91066002922,5.6313145568451,7.6702057938028,48.9734014800201
NPL,Nepal,2023,41049329851.0546,1382.38300895424,1.98254843461849,7.11587261530826,41.5701502932467
NPL,Nepal,2024,43298911699.9284,1460.28237984149,3.67787459697703,4.6850965426577,40.1700101626853
NPL,Nepal,2025,45489810283.1132,1535.87781246307,4.43073194983359,2.65334269811436,42.5520448428369
NRU,Naoero,2010,47562844.6104251,4735.92000502092,0.0,,100.0
NRU,Naoero,2011,65071879.7787162,6444.03642094634,14.7058823529412,0.3003003003003,130.30303030303
NRU,Naoero,2012,101055722.95058,9842.77032731856,24.3589743589745,-0.124750499001971,120.408163265306
NRU,Naoero,2013,94385014.9425842,8974.51886874433,4.12371134020613,,179.347826086957
NRU,Naoero,2014,99149244.4001333,9230.05440328927,15.8415841584163,,197.222222222222
NRU,Naoero,2015,84863440.5801997,7747.25584993607,3.41880341880281,,200.0
NRU,Naoero,2016,97541943.0355053,8748.15632605428,4.13223140495909,,170.149253731343
NRU,Naoero,2017,109355638.866955,9656.97976571484,-6.34920634920609,,142.068965517241
NRU,Naoero,2018,130995566.30391,11413.7463016389,-0.847457627118729,,140.640059171598
NRU,Naoero,2019,125160115.547819,10801.7705659635,8.5470085470084,,155.906685714286
NRU,Naoero,2020,124685688.161094,10709.068810538,1.57480314960559,,134.980107526882
NRU,Naoero,2021,149268323.992868,12748.1701249353,7.75193798449692,,130.1856
NRU,Naoero,2022,180671357.349805,15309.8345351924,0.0,,141.129076305221
NRU,Naoero,2023,161531316.884061,13602.6372112893,-0.719424460431725,,135.0
NRU,Naoero,2024,167833414.846177,14048.163961344,1.44927536231899,,160.546875
NRU,Naoero,2025,176040043.932346,14639.5046929186,2.14285714285656,,165.441176470588
NZL,New Zealand,2010,146887902524.052,33761.9009639947,1.47182504276788,2.30202385958572,58.1047406012087
NZL,New Zealand,2011,168458838711.118,38425.829997974,2.1445004445998,4.0279066739204,59.1815679267669
NZL,New Zealand,2012,176508049114.249,40041.7524816244,2.30256429520961,1.05991318445632,56.9257462326897
NZL,New Zealand,2013,190943478289.796,42984.9571801167,2.5648360739867,1.13442266445817,56.0063219921147
NZL,New Zealand,2014,201435445068.164,44599.8992733675,3.81933619307242,1.227507505974,55.1213465284556
NZL,New Zealand,2015,178147457242.978,38648.7302562109,3.72968312125018,0.292704628136101,54.8749505791536
NZL,New Zealand,2016,188980351890.848,40088.3205470499,3.7435247472109,0.646240284454524,52.4796021733125
NZL,New Zealand,2017,206561943051.354,42912.1537002148,3.31568621648204,1.85078767452536,54.2775276299632
NZL,New Zealand,2018,211726161989.495,43204.1305124872,3.32219666491432,1.59829703801696,55.9063918509538
NZL,New Zealand,2019,213088034258.42,42872.2681243427,2.32371708441623,1.61963190184048,54.4612464097007
NZL,New Zealand,2020,213318129988.602,42054.6743136586,-0.240916114758988,1.71456170007245,43.8262466218168
NZL,New Zealand,2021,253732493987.834,49902.154346032,4.29916005216614,3.94112060778728,48.4315370741539
NZL,New Zealand,2022,249723029451.237,49141.6316294227,3.34521847792682,7.17222476016441,53.2091433736439
NZL,New Zealand,2023,256372177757.764,49302.341876493,1.81389453412019,5.73316283034957,49.8655041498497
NZL,New Zealand,2024,261497198363.906,49432.3626396797,-0.868722371893952,2.92279782301957,50.6607664427853
NZL,New Zealand,2025,264057413739.965,49591.0405731713,0.462871830681081,2.8397963180572,
OMN,Oman,2010,64993498049.4148,23570.1798147325,2.47199856582773,3.25657959078624,96.3865546218487
OMN,Oman,2011,77497529258.7776,25188.0074151885,2.89460973541192,4.0421886711639,101.641731939942
OMN,Oman,2012,87408842652.7958,24642.2978768596,8.86312225557018,2.94773495257209,102.0747604043
OMN,Oman,2013,89936020806.2419,23458.0233840053,5.22770408145942,1.05354820265932,112.543521763774
OMN,Oman,2014,92699089726.9181,23160.6502252547,1.29225229411081,1.01401483924156,102.27872108813
OMN,Oman,2015,78710793237.9714,18808.3077921839,5.01705799719045,0.0652901330286599,96.3775801852347
OMN,Oman,2016,75128738621.5865,17110.1897460545,5.04642394571691,1.10920805807027,82.8642642018901
OMN,Oman,2017,80856697009.1027,17820.0661809335,0.304057565922449,1.58909413567799,88.9531480182956
OMN,Oman,2018,91505851755.5267,19901.7615642016,1.28710391543288,0.889312370970404,89.2792178262847
OMN,Oman,2019,88060858257.4772,19180.1864152801,-1.12863801728058,0.490815362820671,86.4782010313236
OMN,Oman,2020,75909492847.8544,16784.8630630058,-3.37972052697999,-0.40640291946585,91.8758908014472
OMN,Oman,2021,87323797139.1417,19403.4600160211,2.5821749892893,1.68221185876085,95.9494877293305
OMN,Oman,2022,109852795838.752,23223.5829405935,7.98570728354278,2.5061425061425,105.745009280655
OMN,Oman,2023,106174707932.38,21027.7384572657,1.41401383200161,0.950782997762827,106.446731102604
OMN,Oman,2024,107137198699.61,20285.2272765262,1.63163231397978,0.593589236248469,114.852671596819
OMN,Oman,2025,109604780696.23,19947.3966227092,2.39787382295398,0.967741935483928,
PAK,Pakistan,2010,196709621849.586,987.304571124485,1.50171752152883,12.9388705634889,31.9890020462315
PAK,Pakistan,2011,230586581059.665,1131.73513834324,2.68011685421705,11.9160927116277,32.3626382751438
PAK,Pakistan,2012,250106966104.704,1204.36475491585,3.02758391088629,9.68235186055684,31.3189732760076
PAK,Pakistan,2013,258657231672.412,1225.4340119198,4.36686504978387,7.69215611899565,30.8902743401844
PAK,Pakistan,2014,271390474857.632,1266.61340849959,4.11642817161422,7.18938402847028,29.4698256903998
PAK,Pakistan,2015,299963590534.773,1380.47020838317,4.21794209572506,2.52932817254229,26.6881860172247
PAK,Pakistan,2016,313630000130.435,1424.69161195897,6.57383828511043,3.7651191635658,24.7015780480573
PAK,Pakistan,2017,339205534861.1,1519.23459514248,4.43262590683975,4.08537368032608,25.472035002344
PAK,Pakistan,2018,356128166704.921,1569.33814626355,6.15170261099519,5.07805725868917,27.6260570796337
PAK,Pakistan,2019,320909472770.669,1390.41690981745,2.49763692943365,10.5780305672025,28.9055769867032
PAK,Pakistan,2020,300425609817.981,1278.39735206896,-1.27408744338709,9.74011619320125,26.7162807328814
PAK,Pakistan,2021,348516647445.148,1455.31922370186,6.51388575852702,9.49641577285205,27.0304204125548
PAK,Pakistan,2022,374890295666.694,1538.3228133171,4.7781068690358,19.8738599646655,33.031353478032
PAK,Pakistan,2023,336686348609.266,1360.32417758419,-0.414935997088406,30.7681280657005,28.4676925469837
PAK,Pakistan,2024,371747087751.306,1479.47755241191,3.08176295579301,12.6325318530452,27.5653309105795
PAK,Pakistan,2025,407307214476.222,1595.90912252837,3.69842668749033,3.54555214890893,27.1935373787664
PAN,Panama,2010,30231009500.0,8331.46421351868,6.07339353106087,3.49128872618809,145.44871880643
PAN,Panama,2011,35687738300.0,9662.29592216607,11.9088772249531,5.87580243678763,158.208395346813
PAN,Panama,2012,41595439700.0,11064.8063606203,9.62729346439019,5.69819959165993,153.208620367102
PAN,Panama,2013,46949496500.0,12273.3225037637,6.32435388662846,4.02715991571061,133.071568935782
PAN,Panama,2014,51427104900.0,13213.1989637473,4.62581375565551,2.62652699929143,114.970604927053
PAN,Panama,2015,55767806100.0,14082.6548502728,5.26691719595516,0.137492058461588,96.5791573428957
PAN,Panama,2016,59760858700.0,14832.3611608191,4.57196707937275,0.73973402529995,84.3959718738111
PAN,Panama,2017,64327688800.0,15694.6297454295,5.7440594635578,0.875585918759963,84.0475372402933
PAN,Panama,2018,67316471200.0,16151.3273478476,3.91824253321265,0.761578359399945,86.1309615112445
PAN,Panama,2019,69778991200.0,16477.9066285687,3.10295395631086,-0.355083821021246,80.4286505649569
PAN,Panama,2020,57059846500.0,13290.5608347594,-17.8211174074602,-1.55027540803761,68.700423510603
PAN,Panama,2021,67396392500.0,15509.8069109784,16.4669992022652,1.63070337301898,80.1334635232887
PAN,Panama,2022,76479304500.0,17378.6070083597,11.0386022908773,2.85965128834711,93.4752688552496
PAN,Panama,2023,83812155200.0,18797.1933894611,7.16634016390665,1.48641355277038,88.3489105169795
PAN,Panama,2024,86523959100.0,19161.218843129,2.74784148771307,0.69322555100446,83.6737788620216
PAN,Panama,2025,90462600000.0,19789.7308555826,4.35030460627731,-0.189587880235675,
PER,Peru,2010,147527631520.729,5072.11494019615,8.33245910749577,1.52832059732901,51.6728089370033
PER,Peru,2011,171761737046.585,5861.35793645245,6.32719240161117,3.36931095333853,55.9882802838607
PER,Peru,2012,192650021648.583,6519.37852981527,6.13972470560435,3.61121294940163,52.6198952632294
PER,Peru,2013,201175543571.392,6746.80025696601,5.85251821084928,2.76789666082002,49.7871424471444
PER,Peru,2014,200786250582.943,6667.13410360861,2.38215737180541,3.41194579807465,46.8531210912899
PER,Peru,2015,189802976285.619,6231.71150338894,3.25224477218451,3.39809194746308,45.1627686891148
PER,Peru,2016,191898104390.379,6217.03599995447,3.95331871520767,3.55717663556279,45.3888411964154
PER,Peru,2017,211007984080.911,6736.16693725487,2.51883544233135,2.99490045809443,47.5135503619971
PER,Peru,2018,222597009739.235,6978.49121548627,3.969351341365,1.50915423024742,48.631470171736
PER,Peru,2019,228346006003.648,7037.00803692604,2.24063176875049,2.25212191358027,46.9435053754409
PER,Peru,2020,201409694755.934,6133.32552410183,-10.9333065010382,2.00241205759292,44.245967197744
PER,Peru,2021,226406075008.878,6828.53422535638,13.4166456126513,4.27166381536798,55.4083231938774
PER,Peru,2022,246169867862.821,7353.74598721667,2.81819976419922,8.33370630096231,57.2727003111939
PER,Peru,2023,268025009709.319,7919.04634828547,-0.350699814345759,6.45561348369586,50.9070307213493
PER,Peru,2024,291751523018.903,8526.29665719783,3.5152749274832,2.00770739412712,51.6811479870417
PER,Peru,2025,334854659181.893,9684.41170314988,3.43056395124466,1.53125450314273,51.8154829678647
PHL,Philippines,2010,208368893151.144,2162.91375885614,7.33449996034538,3.78983634797591,66.1042785137797
PHL,Philippines,2011,234216730291.32,2383.91892522087,3.85823282795663,4.7184170471842,60.7958366999075
PHL,Philippines,2012,261920540962.63,2614.61644401308,6.89695171050985,3.02696391124796,57.8420055133082
PHL,Philippines,2013,283902828588.718,2781.27957677397,6.75053130142255,2.58268766141795,55.8247812320298
PHL,Philippines,2014,297483555338.044,2866.83803761407,6.34798748260867,3.59782343864211,57.4681720875945
PHL,Philippines,2015,306445871242.322,2909.85818010301,6.34830971672761,0.674192536845408,59.1415921053094
PHL,Philippines,2016,318627003016.731,2985.19564024046,7.14945675000752,1.25369880080982,61.7760657653871
PHL,Philippines,2017,328480736802.76,3038.12124959289,6.9309883258402,2.85318772590947,68.1683697426727
PHL,Philippines,2018,346841896587.313,3168.51036609727,6.34148557153473,5.30934661627707,72.1633982990273
PHL,Philippines,2019,376823402239.136,3400.78949767074,6.11852566221303,2.39206534422404,68.8418422595678
PHL,Philippines,2020,361751145451.597,3227.57910235199,-9.51829474045297,2.3931623931624,58.1695603022281
PHL,Philippines,2021,394087359848.11,3484.38593882819,5.71473313185116,3.92718022100332,63.4846098136712
PHL,Philippines,2022,404353369604.631,3548.06930572116,7.58098212785563,5.82115811213955,72.4296836107599
PHL,Philippines,2023,437055627245.138,3804.08274131718,5.51894967856043,5.97802515541409,67.4199693171606
PHL,Philippines,2024,461671157904.74,3985.29464669706,5.71474526128652,3.21260487006347,65.8637883882752
PHL,Philippines,2025,487086123720.417,4170.72347271451,4.40240158710621,1.6587364525509,66.7936053314343
PLW,Palau,2010,184292328.125,10018.065238367,-3.02648271979963,1.44219017355169,123.113914891838
PLW,Palau,2011,195163578.125,10795.639900708,4.5453422056307,4.6746987951807,138.086472173303
PLW,Palau,2012,214928296.875,12098.4124331551,2.06132919740671,3.61418047882138,144.101360548224
PLW,Palau,2013,226257828.125,12820.5931621147,-1.39368330622723,3.35481004221287,140.845204181817
PLW,Palau,2014,245436546.875,13854.730278013,4.21392368136632,4.19174548581256,145.793812924789
PLW,Palau,2015,283224750.0,15938.3652222848,8.57000568228419,0.949040643697081,128.207298267542
PLW,Palau,2016,303326125.0,17043.6660673147,1.66650688235592,-1.04230533415074,118.759866134181
PLW,Palau,2017,289983656.25,16280.241199753,-3.42143170174889,1.4179881966692,122.650636452895
PLW,Palau,2018,288228343.75,16179.877834849,-0.417625859260369,2.10970464135017,117.771970509059
PLW,Palau,2019,281954000.0,15841.8923474548,0.300684343692609,0.26737967914444,115.497705299446
PLW,Palau,2020,258985859.375,14556.30954221,-6.00740723664144,0.218181818181833,104.430720909895
PLW,Palau,2021,235935734.375,13267.4877340719,-11.9146400192064,2.6124818577648,79.5791429216543
PLW,Palau,2022,247470812.5,13934.951996171,-0.462879543823192,12.3526638378124,103.651854764975
PLW,Palau,2023,276157406.25,15578.3497630733,1.22284844405733,12.8199748216534,106.757623549153
PLW,Palau,2024,321501812.5,18169.0767165866,12.0059720184866,2.23172772921704,105.811955583144
PLW,Palau,2025,345000000.0,19532.3557719527,6.28637654202731,-0.418410041841039,
PNG,Papua New Guinea,2010,14250786674.7766,1866.86889851208,10.1284540720232,6.01360893567856,
PNG,Papua New Guinea,2011,17985138065.8549,2288.37591141234,1.10754362619616,4.44083401028971,
PNG,Papua New Guinea,2012,21295168665.7247,2635.0873631547,4.65711959686239,4.53720508166972,
PNG,Papua New Guinea,2013,21261338064.8783,2560.77458976327,3.82494632800675,4.9603174603175,
PNG,Papua New Guinea,2014,23210823987.308,2723.17529825196,13.5437706216546,5.22211720226841,
PNG,Papua New Guinea,2015,21723437010.0982,2484.5963398603,6.57835632304275,5.99595778127107,
PNG,Papua New Guinea,2016,20758876952.6232,2316.39479758492,5.48957315278187,6.6737288135593,
PNG,Papua New Guinea,2017,22742699138.356,2477.76530986323,3.53461081750459,5.42204568023834,
PNG,Papua New Guinea,2018,24109780708.0268,2566.36833735041,-0.279252284959952,4.37448921453162,
PNG,Papua New Guinea,2019,24750626029.8777,2575.77274140393,4.48051456942582,3.92867290939597,
PNG,Papua New Guinea,2020,23848447849.6081,2429.61134585269,-3.16743204434815,4.87167398565555,
PNG,Papua New Guinea,2021,26113409477.7318,2607.97769973161,-0.510612607034361,4.48359014042398,
PNG,Papua New Guinea,2022,31653230962.4549,3102.29409730005,5.70701964996525,5.25323922215241,
PNG,Papua New Guinea,2023,30816328065.6492,2966.06455045333,3.81046308333708,2.29869991296791,
PNG,Papua New Guinea,2024,30803971189.4102,2912.4914068385,3.88795324667848,0.602403921107917,
PNG,Papua New Guinea,2025,32498658653.8415,3019.5309140573,5.63792052319458,4.42141364166485,
POL,Poland,2010,478111630683.514,12567.7317676382,3.16892748258036,2.58069370250548,82.2258523219922
POL,Poland,2011,527848543023.469,13867.6669408192,5.25546256612796,4.23940149625932,86.9236892837618
POL,Poland,2012,498148649702.66,13087.420943321,1.51178167644575,3.56037151702793,88.8299033066583
POL,Poland,2013,518179836405.36,13621.9023794031,0.684240607051805,0.991982606332335,90.4175072415629
POL,Poland,2014,542134167178.627,14262.2841914116,3.92050862390032,0.0538213132399802,92.0340197113178
POL,Poland,2015,480054118583.367,12637.5220324406,4.43176700264478,-0.874125874125862,92.2554272741942
POL,Poland,2016,473259623976.262,12464.0121044827,3.03117767594847,-0.664767331433962,96.8659028060623
POL,Poland,2017,528356723263.073,13913.3415190124,5.15245773325907,2.07593553673859,100.56589524628
POL,Poland,2018,594616632477.019,15658.210586693,6.2458584723942,1.81295156542689,102.442462168005
POL,Poland,2019,602683770144.88,15874.5220531254,4.58045817256199,2.22747880938291,101.581033817373
POL,Poland,2020,605914237903.742,16150.9304813473,-2.03556882399977,3.37446972618589,99.2590912303436
POL,Poland,2021,689170230665.35,18635.5104895754,6.92718266052501,5.05502704719272,110.874283021945
POL,Poland,2022,695607470875.276,18891.2121169279,5.25545697386036,14.4294507575758,123.021332860345
POL,Poland,2023,812451193396.143,22145.2660647429,0.249610834017872,11.5289127961105,110.024935041815
POL,Poland,2024,917767106146.761,25103.565661423,3.02841630700273,3.79060897630197,100.359442847164
POL,Poland,2025,1035491784197.44,28419.5777395638,3.5727250346774,3.81419531520146,97.0301822542829
PRT,Portugal,2010,238443864993.217,22551.935098809,1.73762453640036,1.40257289895372,67.6892401927983
PRT,Portugal,2011,245426767676.002,23246.5425416481,-1.71352745905065,3.6530110043073,73.0075756700531
PRT,Portugal,2012,216536676771.973,20593.4274224109,-4.05090267621935,2.77333854051576,75.9411067187813
PRT,Portugal,2013,226677408291.745,21676.4859642714,-0.984106574148328,0.274416666666663,78.0305056874282
PRT,Portugal,2014,230078616299.675,22120.6850127107,0.741391420706506,-0.278153367467428,80.220669072079
PRT,Portugal,2015,199038523119.639,19215.7813014347,1.58979803702681,0.48793862390472,80.6346756266443
PRT,Portugal,2016,206305431241.638,19980.2808866516,2.00414129666575,0.607397074641719,79.5223464844001
PRT,Portugal,2017,220862990767.229,21442.3842768879,3.31472008175986,1.36861411643482,84.8077923069539
PRT,Portugal,2018,242092894542.888,23541.1401075289,2.94628343449202,0.993715683468233,86.7356954918399
PRT,Portugal,2019,240115970063.019,23343.3628970034,2.74568432648596,0.338178410046124,86.7709889083586
PRT,Portugal,2020,229618773422.577,22299.4044062173,-8.20463159324387,-0.0124383299576209,76.5086407209215
PRT,Portugal,2021,256055879091.139,24711.4510062111,5.55875672070374,1.26565719069044,85.8735452148975
PRT,Portugal,2022,256898677175.024,24620.5197587181,6.98584137580278,7.83269124233323,101.364146479435
PRT,Portugal,2023,292323800948.839,27634.6183139773,3.09998745904281,4.31128191898681,93.1358537072038
PRT,Portugal,2024,313656884870.859,29328.3067415343,2.21459232301109,2.41613187791876,89.6615637070518
PRT,Portugal,2025,346639825141.821,32081.8106150292,1.86448007464475,2.33601620316701,86.3988769792664
PRY,Paraguay,2010,27260886405.2263,4750.96273669322,11.0952312685521,4.65116279069765,81.2575233746727
PRY,Paraguay,2011,33756238766.5,5805.40154543044,4.28637120702282,8.2539682539683,78.4921238489348
PRY,Paraguay,2012,33271921136.315,5642.1699167298,-0.708043112316886,3.67591897974496,74.7649574560794
PRY,Paraguay,2013,38501122141.4241,6435.68342733182,8.29307648940471,2.68385738718582,73.3698713841075
PRY,Paraguay,2014,40377929295.6419,6652.25478942291,5.30123864473624,5.02882767456766,69.0837249631346
PRY,Paraguay,2015,36211447840.0971,5879.33792308671,2.95715168367079,3.12900274473925,66.9150655259573
PRY,Paraguay,2016,36089700222.9461,5775.1596339946,4.26802583314583,4.08682280577241,67.7593152322047
PRY,Paraguay,2017,38997129473.5558,6152.26711537703,4.81007885554041,3.60247741348943,71.0801344038377
PRY,Paraguay,2018,40225448340.6322,6258.44991640954,3.20425034076639,3.97561015740694,72.069223625915
PRY,Paraguay,2019,37925338329.1494,5821.18199548637,-0.40185510068001,2.75709727562775,71.2221617342433
PRY,Paraguay,2020,35432178068.1814,5365.47220721191,-0.819785390971916,1.76751592356698,62.7602174748561
PRY,Paraguay,2021,39937357255.8716,5974.9057185863,3.99461510731535,4.787983101236,69.7320126827159
PRY,Paraguay,2022,41841201626.7253,6189.10205375331,-0.0280771723899278,9.76556667164402,73.8736311444119
PRY,Paraguay,2023,43140465595.6662,6303.26495017292,5.28584584975323,4.63202285403356,82.5777252296516
PRY,Paraguay,2024,44738819362.3269,6456.60723068562,4.66914577981763,3.83540271728533,77.0944384539197
PRY,Paraguay,2025,49278227554.3339,7026.61906146401,6.64262511156879,4.0380642333938,76.4780703309698
PSE,West Bank and Gaza,2010,9681500000.0,2557.07562356699,5.77736205629419,3.74915727597096,68.4976501575169
PSE,West Bank and Gaza,2011,11186100000.0,2880.79843707909,9.60080848913594,2.8772435849594,67.2495329024414
PSE,West Bank and Gaza,2012,12208400000.0,3067.43872735614,6.09645656326154,2.77908768282492,66.9293273483831
PSE,West Bank and Gaza,2013,13515500000.0,3315.29753909282,4.69856986552234,1.72439933626931,66.2713181162369
PSE,West Bank and Gaza,2014,13989700000.0,3352.11259506043,-0.157866650855297,1.73298510037447,67.7398371659149
PSE,West Bank and Gaza,2015,13972400000.0,3272.15432360708,3.72129967114788,1.43161145810476,70.7809681944405
PSE,West Bank and Gaza,2016,15405400000.0,3527.61382413178,8.86461881995935,-0.219106604907316,65.4225141833383
PSE,West Bank and Gaza,2017,16128000000.0,3620.36048715937,1.41936756294787,0.212570934228881,68.4486607142857
PSE,West Bank and Gaza,2018,16276600000.0,3562.33094270256,1.22707737782703,-0.195107773730735,71.4012754506469
PSE,West Bank and Gaza,2019,17133500000.0,3656.85827137011,1.36268746558062,1.58018333639455,68.9934922812035
PSE,West Bank and Gaza,2020,15531700000.0,3233.56863835858,-11.3184661065134,-0.735332001092191,67.2881912475775
PSE,West Bank and Gaza,2021,18109000000.0,3678.63565662194,7.01198227592003,1.23748102831369,73.0835496162129
PSE,West Bank and Gaza,2022,19165500000.0,3799.95527015163,4.08276027347105,3.74122391852077,82.3949283869453
PSE,West Bank and Gaza,2023,18635100000.0,3607.41611858821,-0.97217780620403,5.87110177678988,76.173457614931
PSE,West Bank and Gaza,2024,16016900000.0,3028.25481286981,-22.8573273913324,53.6691458303782,74.5880913285342
PSE,West Bank and Gaza,2025,17167100000.0,3171.10844621579,4.34444072337577,9.80840118100493,74.7604429402753
QAT,Qatar,2010,125122252747.253,77387.2936379616,16.7315558489187,-2.42525675161714,86.0703268232169
QAT,Qatar,2011,167775274725.275,103261.510293068,13.0214050496923,1.13836623529202,98.7216351018991
QAT,Qatar,2012,186833502362.637,108470.378825036,4.62623675511804,2.31534853431661,105.746343435217
QAT,Qatar,2013,198727642967.033,103697.008372373,4.43070196521455,3.22197756829293,102.383208106327
QAT,Qatar,2014,206224598571.429,95840.6310094498,4.11911527912761,3.34972085659523,99.0343747414317
QAT,Qatar,2015,161739955576.923,68985.2946961507,4.75334572438737,1.8140772393776,93.7076041736357
QAT,Qatar,2016,151732181868.132,61253.6375482797,3.06419188430156,2.6765917009819,89.5476001199351
QAT,Qatar,2017,161099122225.275,63279.8556949332,-1.49760470227838,0.394878914083005,91.4945879195194
QAT,Qatar,2018,183334953818.681,71039.8490579352,1.23487220191065,0.255815382724408,91.838448978201
QAT,Qatar,2019,176371267692.308,66841.3013484919,0.688240954592672,-0.666641124861147,90.0463755485388
QAT,Qatar,2020,144411363351.648,51683.5054376677,-3.5576039896784,-2.5403150300476,90.0190948833102
QAT,Qatar,2021,179732009560.44,71751.8831257169,1.62684671918775,2.30446565742003,92.7791585715125
QAT,Qatar,2022,235709325714.286,88701.463352273,4.18500970982862,4.99527553740761,100.213647199618
QAT,Qatar,2023,213002809340.659,80195.8746508549,1.18715991623776,3.02764899198902,
QAT,Qatar,2024,216294505494.505,75685.0865779973,3.10963283242745,1.26734310292375,
QAT,Qatar,2025,215559615384.615,72524.9066385222,2.90166036660493,,
ROU,Romania,2010,170064350671.827,8399.5374234284,-3.90581157302972,6.09141668601891,69.9549354932718
ROU,Romania,2011,192623977894.173,9560.6755277458,4.49558909946313,5.7892532881588,76.271356441629
ROU,Romania,2012,179117323107.087,8929.95366231474,1.90361696799603,3.33492267693442,76.5943239913672
ROU,Romania,2013,189798603751.235,9497.67411615237,0.278771877470234,3.9847123554813,81.3976131747183
ROU,Romania,2014,199722319675.741,10031.7710755404,4.11600109267832,1.06830987684298,83.3751429575201
ROU,Romania,2015,177885131240.315,8977.01748158196,3.1570360543854,-0.594156437495203,83.5205767017155
ROU,Romania,2016,185290759248.844,9404.54005870715,2.85993252302089,-1.54479666813897,85.8925282906884
ROU,Romania,2017,210147385855.419,10727.9822007426,8.19547826641261,1.3390212110439,87.1560645667801
ROU,Romania,2018,241791427223.903,12416.134317959,5.39452228185675,4.62548443137779,87.0911701095809
ROU,Romania,2019,250080428511.595,12909.6104013244,3.96028958497598,3.82785432599438,84.9063630584793
ROU,Romania,2020,250624575871.819,13009.1525348396,-3.59802546034757,2.63107311184743,78.3616463562709
ROU,Romania,2021,285072444957.216,14908.0412813921,5.58735072538869,5.05232876096582,87.0711965460145
ROU,Romania,2022,295317862855.924,15503.4691366242,4.18771305104109,13.7954887432521,93.9496509383447
ROU,Romania,2023,347757995758.914,18244.4186876321,2.25773416555121,10.3971874764996,83.3753324062231
ROU,Romania,2024,382564217988.866,20080.2096215595,0.916003764382594,5.72140574354439,77.2149837939003
ROU,Romania,2025,428677977854.826,22537.9532108047,0.677829835052762,7.18903362292063,76.214786342907
RUS,Russian Federation,2010,1524916715223.95,10674.990234375,4.49999999920672,6.84939230255025,50.3555054872589
RUS,Russian Federation,2011,2045922753398.04,14305.33203125,4.30002918604238,8.4404648593257,48.0353994077919
RUS,Russian Federation,2012,2208293553878.42,15401.8515625,4.0240861571798,5.07474300799149,47.1513903857957
RUS,Russian Federation,2013,2292470078346.22,15941.4482421875,1.75542214916291,6.75466833903486,46.287149400499
RUS,Russian Federation,2014,2059241589895.01,14055.47265625,0.736267221403651,7.82016970013845,47.8013412628116
RUS,Russian Federation,2015,1363482182197.71,9277.7138671875,-1.9727192264298,15.5343959935701,49.3593493116887
RUS,Russian Federation,2016,1276786350881.14,8663.158203125,0.193671130698817,7.04243725413707,46.5181198396096
RUS,Russian Federation,2017,1574199360089.0,10658.9130859375,1.82670527549192,3.68333072334495,46.8765243371311
RUS,Russian Federation,2018,1657328773461.31,11211.8876953125,2.80634082046656,2.87831382614981,51.5809003703964
RUS,Russian Federation,2019,1693115002708.32,11447.701171875,2.19807571381982,4.47202631837903,49.2287536619033
RUS,Russian Federation,2020,1493075894362.14,10108.3271484375,-2.65365449695453,3.38219796948068,45.9669082029127
RUS,Russian Federation,2021,1829186719575.1,12425.029296875,5.866491772979,6.69445891957612,50.5861954621752
RUS,Russian Federation,2022,2292495097681.47,15625.6328125,-1.43537063467896,13.7436797398232,42.7663082313349
RUS,Russian Federation,2023,2046284838151.09,13986.9951171875,4.06661395813023,5.86571931748967,41.3395116492933
RUS,Russian Federation,2024,2186462268813.08,14961.8974609375,4.92167966203073,8.43486410496723,39.4184058815423
RUS,Russian Federation,2025,2561310169358.74,17546.609375,1.00117656925738,8.71986939402666,33.7100508676248
RWA,Rwanda,2010,6052276077.6354,586.599950359877,7.33465645016436,-0.246128693436934,37.7415245466166
RWA,Rwanda,2011,6802676033.65947,643.356138618166,7.95838869909085,3.0801706924026,40.1597511764349
RWA,Rwanda,2012,7556673275.95438,697.760143509565,8.64150815708138,10.2710182318876,41.081185425557
RWA,Rwanda,2013,7714276919.73722,695.397140963607,4.71984856950924,5.92426867984854,43.260980041775
RWA,Rwanda,2014,8129984483.78727,715.36808783393,5.66845354233575,2.35449052820358,44.4828257252622
RWA,Rwanda,2015,8447064078.84373,725.691418696952,8.87036752872743,2.52850284192421,45.7348675761767
RWA,Rwanda,2016,8596812240.52305,721.258515833094,5.65874584202778,7.17434301982009,50.08973657056
RWA,Rwanda,2017,9164345443.2575,751.049039527547,4.70393439751061,8.27953672260832,54.2079656602139
RWA,Rwanda,2018,9650161136.17648,772.754982959354,8.07084254621641,-0.311210160390699,47.9830578657248
RWA,Rwanda,2019,10519272170.3346,823.355304065304,9.28613387454543,3.34787655037648,48.892715033759
RWA,Rwanda,2020,10487146253.4025,802.638686936204,-2.77710485515125,9.85039902274207,44.3511840604967
RWA,Rwanda,2021,11252894909.5043,842.581492947672,8.41140448646523,-0.391346748300791,59.8007993935018
RWA,Rwanda,2022,13747404814.2677,1007.05989322914,9.82497394651698,17.6892095588153,60.9591709408266
RWA,Rwanda,2023,14806501437.282,1061.05788154076,8.55964292914153,19.789546746467,66.8925839339472
RWA,Rwanda,2024,15111064181.9687,1059.93709298801,7.22717103344534,1.77029240198635,71.6868069548772
RWA,Rwanda,2025,16372132990.2271,1123.73874633225,9.37579834182446,5.913000168826,56.673349749538
SAU,Saudi Arabia,2010,528207466666.667,22028.3901426586,5.0395150823517,5.33941733020905,82.5496850227537
SAU,Saudi Arabia,2011,680660800000.0,27126.7498747702,11.758820686671,5.8262163739404,84.3594342438995
SAU,Saudi Arabia,2012,751921333333.333,28733.4375513452,5.76157382270968,2.86627029905053,81.74067854616
SAU,Saudi Arabia,2013,769755733333.333,27865.465604962,2.94563789152025,3.51104209799866,80.2515014286783
SAU,Saudi Arabia,2014,787153066666.667,27805.4850319422,4.02467158380668,2.24185348779063,78.000111117736
SAU,Saudi Arabia,2015,693414400000.0,23256.1549553531,4.65512316652699,1.22269318552328,67.1052692300592
SAU,Saudi Arabia,2016,689279466666.667,22267.7217050387,1.70404739202878,2.05347076823965,57.9216635110364
SAU,Saudi Arabia,2017,741266133333.333,23929.2907135982,1.18210705878283,-0.834845735027162,59.5319791578229
SAU,Saudi Arabia,2018,886564800000.0,29360.0658968566,3.2269508901591,2.46594308994843,59.1029104697141
SAU,Saudi Arabia,2019,888890133333.333,29566.7933827436,1.65158925617395,-1.19298644533328,56.7938204886513
SAU,Saudi Arabia,2020,767951200000.0,24338.8307301067,-3.80478901996312,3.37234961012303,47.533159225048
SAU,Saudi Arabia,2021,982661066666.667,31920.7653655643,6.51959698325419,3.06328988941548,50.8839263398787
SAU,Saudi Arabia,2022,1239075200000.0,38510.2276211037,12.0005874752929,2.47407371925372,56.8241647749332
SAU,Saudi Arabia,2023,1218584800000.0,36156.8562500172,0.542592439393161,2.32708518362706,55.7974682325487
SAU,Saudi Arabia,2024,1254140800000.0,35527.786181866,2.64893068308965,1.68792112375809,56.4049374147889
SAU,Saudi Arabia,2025,1276942933333.33,34536.6555456551,4.50246560191663,2.08420853585036,57.9182238579808
SDN,Sudan,2010,58962978034.4828,1305.63598632813,3.85824195230107,12.9776663898014,32.728309950035
SDN,Sudan,2011,55018567210.5263,1332.6572265625,-3.21353209253371,18.0966171221351,27.512339023518
SDN,Sudan,2012,37632919966.6667,1019.22210693359,-17.0046884048945,35.5590574147024,21.8561745247301
SDN,Sudan,2013,43024018082.1918,1138.62780761719,1.95514463302422,36.5223449139154,26.8585245020134
SDN,Sudan,2014,49516748617.9775,1275.43835449219,4.66137954229873,36.9066427863595,20.8451090041313
SDN,Sudan,2015,51726758676.7677,1292.37963867188,1.91017689052751,16.9095706050977,18.3782728546541
SDN,Sudan,2016,42630376000.0,1033.21594238281,3.46764218409288,17.750253831196,15.2816698903461
SDN,Sudan,2017,41283617976.1905,966.505676269531,0.70925628476644,32.3516260968437,17.8313898297102
SDN,Sudan,2018,32333780383.2924,731.027465820313,-2.6809305497999,63.2925073455888,21.8679187274323
SDN,Sudan,2019,32338079165.2893,709.975280761719,-2.17825104530091,50.9940515002965,26.1196204552625
SDN,Sudan,2020,27034593750.0,577.795227050781,-3.62980082410752,163.257782355458,9.95514507626151
SDN,Sudan,2021,34229513774.9936,712.122009277344,-1.8685204827207,359.093040778999,4.12754863828426
SDN,Sudan,2022,51666875363.0963,1046.24084472656,-0.957816591119183,138.80846024176,2.69883443585856
SDN,Sudan,2023,39898289820.7951,797.283447265625,-29.4332716274387,,2.47372878267665
SDN,Sudan,2024,49672435513.1126,984.607666015625,-13.9643378424022,,1.99541210225008
SDN,Sudan,2025,60162634574.4689,1164.53991699219,3.06427942935869,,2.38193028387697
SEN,Senegal,2010,16121315909.0758,1275.88357492357,3.39088925336209,1.22868119673344,52.4578551962948
SEN,Senegal,2011,17814283639.3119,1374.67591873844,1.33409107961258,3.40322829786971,57.5768785989578
SEN,Senegal,2012,17660870411.5235,1326.83798848379,4.00299555090457,1.41822871177854,61.9753040040375
SEN,Senegal,2013,18918667724.8817,1379.83196553924,2.41238527605579,0.710245486695176,60.6267663596737
SEN,Senegal,2014,19797253440.2679,1398.89137601382,6.22407443790986,-1.09025507446895,58.4425289760992
SEN,Senegal,2015,17774766696.1759,1218.00613555438,6.36704365066983,0.135211933635165,58.1103376742017
SEN,Senegal,2016,19040312333.1864,1266.43957151587,6.35606857208136,0.837284942557434,54.1081692072139
SEN,Senegal,2017,20965069572.7168,1354.77007193387,7.40748618589598,1.31815314847789,57.8165678119905
SEN,Senegal,2018,23116701556.1381,1452.55612562445,6.20924103388887,0.460985642464188,61.7898394793183
SEN,Senegal,2019,23403995992.1354,1431.18128932159,4.6136280976221,1.76011151192939,64.2362506061005
SEN,Senegal,2020,24530513037.7518,1461.08720350553,1.34207377285524,2.54314685681662,60.0468716137065
SEN,Senegal,2021,27520784129.7508,1598.10676952274,6.5440010991951,2.18032278088147,69.3759939883832
SEN,Senegal,2022,27783332222.6759,1574.0281059306,3.85043193752725,9.69681899081073,79.3974220189679
SEN,Senegal,2023,30696331295.7826,1698.03387300843,4.25743083300657,5.93947798773215,71.5942815846823
SEN,Senegal,2024,32169996051.8502,1738.73223822106,6.46220577412338,0.804503298792438,68.2363510312865
SEN,Senegal,2025,37006536238.3731,1954.71174194867,6.68227744849194,1.45900719841385,71.0687063150657
SGP,Singapore,2010,239807980591.24,47236.683084953,14.5197497108994,2.82884527612958,369.685555787646
SGP,Singapore,2011,279356499090.458,53891.4570264372,6.21493416858989,5.25115624639373,379.098631377539
SGP,Singapore,2012,295092888076.589,55547.5553077786,4.43549759378537,4.58084479423094,369.212965787665
SGP,Singapore,2013,307576360584.992,56967.4257940383,4.81763099120676,2.36439793742726,367.041780049019
SGP,Singapore,2014,314863580758.455,57564.8023114977,3.93554027709007,1.03316955857629,360.467319166237
SGP,Singapore,2015,307998545269.398,55645.6068614606,2.97679931634806,-0.521975611895763,329.471398940262
SGP,Singapore,2016,320759207438.623,57204.0340105222,3.91095306322606,-0.529809760375464,301.338866227561
SGP,Singapore,2017,344795119213.571,61436.1325502558,4.32679370770501,0.576763191179996,315.401433455385
SGP,Singapore,2018,377976367877.038,67032.8225769734,3.18660848474074,0.438784215129623,325.725809994853
SGP,Singapore,2019,376827390962.044,66068.7003106378,1.15877947300108,0.567829988405447,324.270088576625
SGP,Singapore,2020,351226533656.292,61772.5036492256,-3.61084281729929,-0.172111865925382,331.080556828077
SGP,Singapore,2021,441110903524.645,80884.8565369236,10.1410845197192,2.31610315765146,326.53325458764
SGP,Singapore,2022,514252535238.749,91227.6970426492,4.01027884472296,6.13095418919732,330.246917062891
SGP,Singapore,2023,511181761243.76,86382.5900499252,1.45026775889565,4.83372362825798,323.7012199919
SGP,Singapore,2024,572877260178.427,94896.5621495988,5.3435120192366,2.38951123595017,313.299377202408
SGP,Singapore,2025,603869516998.738,98813.9788172877,5.02588199508003,0.902998495002676,320.306025413626
SLB,Solomon Islands,2010,898128551.289162,1685.14535823757,9.70817235491481,1.05148163321038,96.1485545423385
SLB,Solomon Islands,2011,1063898226.71892,1924.05795643133,7.43023752099302,7.34270706018,107.24751599476
SLB,Solomon Islands,2012,1185217634.37393,2066.25738638356,2.46591837712438,5.91200602491155,104.823434628967
SLB,Solomon Islands,2013,1285905957.64116,2161.38627543917,5.23744704670068,5.3913638858756,99.6074605551315
SLB,Solomon Islands,2014,1335576762.84974,2164.95289873002,1.18945509547778,5.16590237925171,93.4534073008692
SLB,Solomon Islands,2015,1307908813.59962,2045.47721526649,1.67578612030815,-0.57446928635949,88.1884859107326
SLB,Solomon Islands,2016,1379486290.71433,2082.62383124213,5.55494348257992,0.512485626268792,85.54984577725
SLB,Solomon Islands,2017,1469790526.3972,2143.57670489272,3.07546176144591,0.488686760261083,82.1974922027324
SLB,Solomon Islands,2018,1615473250.25259,2278.19908624102,2.74585244829055,3.46147484973729,88.4949614655388
SLB,Solomon Islands,2019,1619150563.92084,2223.65890942466,1.74925244485951,1.63485544012247,82.9985659020552
SLB,Solomon Islands,2020,1536143427.82958,2063.32780991967,-3.38125925839405,2.96354992076065,60.2204367377792
SLB,Solomon Islands,2021,1558312103.84225,2043.44413170658,-0.227975292792024,-0.115437894412839,67.4200567620007
SLB,Solomon Islands,2022,1466670929.62333,1877.78104490956,-2.58448361755723,5.51812928576938,74.8355405899571
SLB,Solomon Islands,2023,1506124566.40404,1882.64394148042,2.84111851154807,5.88585897042164,101.134531825762
SLB,Solomon Islands,2024,1583964703.75061,1933.55538435227,2.99755987604104,4.32183948388033,111.352972154204
SLB,Solomon Islands,2025,1749572442.95016,2086.18955928928,3.61715088072386,3.36462189317825,
SLV,El Salvador,2010,18447920000.0,3040.07300952878,2.15419536693635,1.17933576873673,73.5372876725398
SLV,El Salvador,2011,20283780000.0,3330.60049486653,3.80688113429295,5.1289237668161,79.2766437025052
SLV,El Salvador,2012,21386150000.0,3497.91256915509,2.82262371802327,1.72973481581383,77.6485716222883
SLV,El Salvador,2013,21990960000.0,3582.26694005169,2.23562439198375,0.757669184522973,80.4511944908271
SLV,El Salvador,2014,22593470000.0,3666.01248913873,1.70870628357073,1.14134467538233,78.1044257477935
SLV,El Salvador,2015,23438240000.0,3790.34089108162,2.40000008852115,-0.731384487387957,76.5602707370519
SLV,El Salvador,2016,24191430000.0,3901.34014965811,2.53906241135864,0.60404908699661,72.8190933731491
SLV,El Salvador,2017,24979190000.0,4020.12671373919,2.24761908134138,1.0123540331558,74.3046511916519
SLV,El Salvador,2018,26020850000.0,4183.54620971358,2.4124442237792,1.09033000581892,75.6336168879956
SLV,El Salvador,2019,26881140000.0,4320.11671534627,2.43747159065784,0.0753241350024612,76.0420130991468
SLV,El Salvador,2020,24921190000.0,3997.19279583709,-7.893101359867,-0.371590212324095,66.4595069497083
SLV,El Salvador,2021,29043140000.0,4642.60743101342,11.9047617015957,3.46692585313082,81.8450759800765
SLV,El Salvador,2022,31870110000.0,5074.60050994225,2.9546041089332,7.19861615609867,88.7011372097555
SLV,El Salvador,2023,33565430000.0,5319.7195268688,3.35508721646165,4.04554694222477,79.8122651787866
SLV,El Salvador,2024,34879730000.0,5503.10317151907,2.5904637107794,0.853782292567288,85.6825726575292
SLV,El Salvador,2025,36708110000.0,5766.72574029107,3.90594189242583,0.257570528307203,88.1580664327311
SRB,Serbia,2010,43536629233.1424,5970.92660940072,1.61097281449412,6.14255360247248,73.7088615865295
SRB,Serbia,2011,51251098408.0924,7082.2861666075,0.0542724836581954,11.1373976342129,75.7493613069523
SRB,Serbia,2012,45103269969.4112,6263.04086072815,-0.443956070983248,7.33038589596646,82.0766814348254
SRB,Serbia,2013,50455529604.0696,7040.41812068781,0.451578805330726,7.69426362896655,84.3322563766638
SRB,Serbia,2014,49114321280.3466,6886.67809068704,-1.80427041681132,2.08244793880154,88.3815023270446
SRB,Serbia,2015,41297410634.9586,5820.3215576888,1.2957386351958,1.39235822000187,93.5281477663237
SRB,Serbia,2016,42225495909.5633,5982.37030126471,2.97519807160826,1.12231397417769,97.6906940431804
SRB,Serbia,2017,45972834713.8077,6548.03653824187,2.3634031250553,3.13106248590115,102.740445166934
SRB,Serbia,2018,52787520248.9242,7559.86165747394,4.64935035491007,1.95984076293801,105.563713028559
SRB,Serbia,2019,53864693664.5568,7755.632986437,4.75020793899014,1.84922984511086,107.577309546092
SRB,Serbia,2020,55874017668.998,8098.70955668849,-0.950023991851594,1.57553290083415,100.324460810129
SRB,Serbia,2021,66159884072.5308,9680.52798074468,7.94905650472278,4.08510285335102,112.342298324945
SRB,Serbia,2022,66809895701.2152,10024.8191112596,2.70347705543654,11.9815117344703,131.913292283516
SRB,Serbia,2023,81343999280.0179,12281.707946167,3.74793303561771,12.3719043552519,114.49206464322
SRB,Serbia,2024,90088366320.4062,13677.7794863909,3.94992622592932,4.6705297488997,111.725028388916
SRB,Serbia,2025,99953324472.9042,15262.0464193413,2.03039196235113,3.8903678606001,112.923490609083
SUR,Suriname,2010,4368370997.92126,7943.60482816915,5.16882515225814,6.94108221639996,90.9613941465855
SUR,Suriname,2011,4422276621.78703,7949.88867218383,5.84936767173009,17.7117796414558,
SUR,Suriname,2012,4980000000.0,8851.24050668908,2.69034974668847,5.00686319367273,
SUR,Suriname,2013,5145757575.75758,9043.19281529222,2.9334416518612,1.92343604108305,
SUR,Suriname,2014,5240606060.60606,9108.18905406764,0.255503031645475,3.38341272749477,
SUR,Suriname,2015,5126237646.22072,8813.61705392067,-3.41304268067621,6.89390359168238,
SUR,Suriname,2016,3317421648.09918,5644.2061057532,-4.91166050905851,55.4123879763196,
SUR,Suriname,2017,3591679430.99988,6049.52128553675,1.56603782534897,21.9969430173304,
SUR,Suriname,2018,3996198866.57453,6665.74180472239,4.94827108468886,,
SUR,Suriname,2019,4016040575.08796,6629.66775248603,1.16758977233877,,
SUR,Suriname,2020,2911807496.20227,4755.39221710693,-15.9751917148622,34.889784309078,
SUR,Suriname,2021,3107923197.96954,5029.84838543953,-2.43538583612838,59.1196626251977,
SUR,Suriname,2022,3791603200.0259,6084.43876736445,2.40622235601218,52.446027276241,
SUR,Suriname,2023,3472693412.08497,5521.97602122638,2.41659215006946,51.5873159600861,
SUR,Suriname,2024,4416775112.72266,6961.78956060258,1.72095749127065,16.2296159130279,
SUR,Suriname,2025,4523657796.86421,7069.87230892274,1.79169153226913,9.2054681878919,
SVK,Slovak Republic,2010,91112160800.7668,16899.448680529,6.79058159142423,0.957018132975174,155.108497681586
SVK,Slovak Republic,2011,99705104723.4341,18469.4354316836,2.56242473215553,3.91928599146291,169.178076311066
SVK,Slovak Republic,2012,94724394278.052,17516.9691054078,1.56917104702706,3.6061026352289,176.968958181431
SVK,Slovak Republic,2013,99134277850.3418,18312.7805149823,0.703323545247201,1.40047368963025,180.903136491458
SVK,Slovak Republic,2014,101713075598.862,18770.9289896545,2.70795151449488,-0.0761653295419871,176.756316098132
SVK,Slovak Republic,2015,89178548717.3324,16442.0760860018,5.17687909722133,-0.325219777427765,179.42602289503
SVK,Slovak Republic,2016,90347173228.6356,16636.0769133073,1.94781841524558,-0.520010196278358,182.757379596201
SVK,Slovak Republic,2017,95978130734.9766,17645.5298716761,2.87473327453695,1.31194588223247,186.644687399549
SVK,Slovak Republic,2018,106611673364.837,19573.3717031314,4.06211981896483,2.51403712883803,188.732964699496
SVK,Slovak Republic,2019,105843498304.094,19406.0589683582,2.27589910019393,2.6645613342544,183.722608631236
SVK,Slovak Republic,2020,107732602896.441,19735.4858280801,-2.58551241733207,1.93694126694223,167.534173320366
SVK,Slovak Republic,2021,120511265913.343,22123.3342114545,5.6558588065555,3.1496062992126,181.97948448512
SVK,Slovak Republic,2022,115792972358.209,21317.7943982363,0.544591632137454,12.7741463637611,204.056318531151
SVK,Slovak Republic,2023,133578518423.544,24614.8734642794,2.11263633214959,10.5319476645211,181.39087235645
SVK,Slovak Republic,2024,140934076532.375,25992.6748502048,1.93867445549446,2.75760909424279,171.212800151635
SVK,Slovak Republic,2025,154530066506.895,28543.6653439813,0.807418690144758,4.00042823495829,170.342496403331
SVN,Slovenia,2010,47793117240.9001,23329.8417691156,1.11213719306735,1.80117022137138,128.606575425363
SVN,Slovenia,2011,51199194599.3094,24940.6284841605,0.655438128379743,1.8028517194191,140.332355750319
SVN,Slovenia,2012,46167053954.3367,22442.1417859955,-2.91553782040462,2.59741386039003,143.656448572975
SVN,Slovenia,2013,47867056858.8892,23236.9655321695,-0.823776417691676,1.76920085881897,145.168789432403
SVN,Slovenia,2014,49514466379.6057,24013.0682060959,2.76283327639742,0.199343826570844,146.471705096746
SVN,Slovenia,2015,42709468274.8137,20697.2748530619,2.39330621338168,-0.525552285820783,147.218367714503
SVN,Slovenia,2016,44290685824.0682,21447.8377796036,3.03441486663654,-0.0549995416705683,148.238448080388
SVN,Slovenia,2017,48153200134.6613,23303.077705959,5.17440215579958,1.42910743319306,158.70213584467
SVN,Slovenia,2018,53689067639.9176,25888.0481065655,4.37908347331195,1.7386086198818,162.613493975851
SVN,Slovenia,2019,53909922735.545,25814.1687167572,3.50525332381912,1.63052260754335,160.044275685249
SVN,Slovenia,2020,53384760135.1581,25392.0651093612,-4.08500094942896,-0.05485681576061,147.549008584942
SVN,Slovenia,2021,61540813361.8556,29192.8401933019,8.41686457725321,1.91706506089269,161.788727511439
SVN,Slovenia,2022,59899117741.0022,28360.3041467268,2.66850555542486,8.83369886749452,186.647076274632
SVN,Slovenia,2023,69255264238.3855,32660.4753581346,2.3758326648385,7.44687717385846,160.1596693009
SVN,Slovenia,2024,72972015197.3859,34301.0318686594,1.73139722479493,1.96562656432505,155.657928684474
SVN,Slovenia,2025,79648204979.3618,37376.2216079138,1.05992996255246,2.37284807226549,151.915368839135
SWE,Sweden,2010,492750897239.447,52542.5759090299,5.75076477579255,1.15798802715626,85.0914849272733
SWE,Sweden,2011,570538581144.45,60379.4814599322,3.16388567406926,2.9611507382214,86.3907448060188
SWE,Sweden,2012,549739674655.127,57749.5615420853,-0.414397702454409,0.888377506923735,85.2980605424359
SWE,Sweden,2013,584125353119.18,60843.9888799369,1.13766671801426,-0.044292970148682,81.6402521329964
SWE,Sweden,2014,577727767303.596,59583.4584491714,2.29577238758284,-0.179638494114635,83.8229810483527
SWE,Sweden,2015,501602351911.6,51188.1652120493,4.38824673608589,-0.0467847449832812,84.1730765958171
SWE,Sweden,2016,513058312950.939,51703.5088332851,2.13117914731151,0.984269244577992,83.4519478574149
SWE,Sweden,2017,535172356784.769,53210.2233318965,1.88282184966646,1.79449904665599,86.0693088740521
SWE,Sweden,2018,549649344043.182,54018.4554391861,1.7702553546772,1.95353530127028,90.4087142361701
SWE,Sweden,2019,530894124494.418,51648.9892820514,2.60823012869524,1.78415097403835,92.7511390290561
SWE,Sweden,2020,544265668451.678,52568.5726980146,-1.93379704032216,0.497367318853572,84.4745958141618
SWE,Sweden,2021,631693331300.776,60647.5416365347,5.2258643028773,2.16319736447143,91.1102374413042
SWE,Sweden,2022,575071237640.921,54836.8907235124,1.25543620445816,8.36929098869189,107.111751826512
SWE,Sweden,2023,578990915246.07,54950.2834725622,-0.204061304891439,8.5486248974891,107.619709443974
SWE,Sweden,2024,604827393488.582,57222.7100565003,1.01779633304398,2.83581658224034,105.967492313344
SWE,Sweden,2025,668998664082.081,63133.2126736715,1.54316373266217,0.679869285243995,104.335210186728
SYR,Syrian Arab Republic,2010,61390833272.6687,2730.61487784917,5.19150915015936,4.3974138315007,64.0101621944449
SYR,Syrian Arab Republic,2011,67539433544.3077,2952.14372909443,2.8502205980333,4.7531638888563,50.6960903036998
SYR,Syrian Arab Republic,2012,43190318032.5627,1897.66115018696,-26.338904668983,36.7022953364139,35.3686903315942
SYR,Syrian Arab Republic,2013,21361254634.9336,985.892669221634,-26.3002577493205,40.0318378290723,44.705254783599
SYR,Syrian Arab Republic,2014,21502061466.067,1060.59105887433,-10.3103412087823,10.9271141804297,54.2644225207985
SYR,Syrian Arab Republic,2015,16466861435.0236,847.731545352582,-4.17969204561759,38.4611429599733,51.0862130409438
SYR,Syrian Arab Republic,2016,12597854088.3602,656.349017520952,-6.40568496867387,47.7051615298923,67.1119407366416
SYR,Syrian Arab Republic,2017,16369842725.4718,851.501972646386,-0.723346297115341,18.0752696281771,61.0508545098696
SYR,Syrian Arab Republic,2018,21497779247.9835,1098.06667935023,1.39323324059961,0.940983843906769,50.6591076441391
SYR,Syrian Arab Republic,2019,22583046644.6891,1109.53933821464,1.22072818348491,13.4175653228571,41.9994681765976
SYR,Syrian Arab Republic,2020,12501503673.2425,593.911771822527,0.954914586675713,,43.1916195452227
SYR,Syrian Arab Republic,2021,14892885528.1402,688.566109726934,1.7896919997567,,59.002012246256
SYR,Syrian Arab Republic,2022,23737634644.3994,1056.78264718197,-0.20247264200475,,35.4372421451582
TCD,Chad,2010,14058506663.7252,1141.80069268412,13.6738272725339,-2.07786574641866,63.7311691270791
TCD,Chad,2011,16685349673.9957,1308.1421872538,4.49542967058827,2.0292405367826,57.5437561870898
TCD,Chad,2012,17892228569.8861,1354.34344701937,9.06180392253447,7.51662364663833,54.3851887421013
TCD,Chad,2013,17865316886.3315,1304.88742971475,2.83821524730293,0.222671564624551,51.5308164549816
TCD,Chad,2014,18144336903.7175,1278.78981422494,2.06283074361411,1.6819731392567,40.8116269859319
TCD,Chad,2015,14559599499.5011,993.990730610869,3.30415979779805,4.37712665065654,48.5114982079885
TCD,Chad,2016,13026289835.7789,861.831767630746,-4.12250332637034,-0.792440525236102,43.9580149331537
TCD,Chad,2017,13349041408.7152,854.46120040098,-1.61746922820204,-1.5370996298084,43.2900613852468
TCD,Chad,2018,15327000248.8701,948.656629871231,5.74111580758154,4.27462198610545,46.7384317860183
TCD,Chad,2019,14905517742.8454,893.336441643325,5.38282202874814,-0.971939175419401,46.6777247152768
TCD,Chad,2020,14932897821.2387,866.947814890409,-0.393646582380399,4.46414437232861,40.6428170621932
TCD,Chad,2021,16871937697.5854,946.358500208374,0.293442648033434,-0.77284437035914,43.9465041015895
TCD,Chad,2022,17828508289.6049,966.036468278568,4.12969897668356,5.78802687843616,47.9883784319429
TCD,Chad,2023,18352937976.2179,949.991054236266,3.99861309461539,10.8363568399843,46.8626488759728
TCD,Chad,2024,19906706689.7582,980.668312111718,4.95210484607125,8.89950732263754,44.5559353847423
TCD,Chad,2025,21472835225.4338,1022.33559390754,5.58988021765651,-3.9119812440659,46.1321498031281
THA,Thailand,2010,341104766329.17,4973.86288823778,7.51339053261624,3.24758842443725,127.250522638251
THA,Thailand,2011,370818739623.622,5373.6232832898,0.840132083053334,3.81191694558332,139.675407224576
THA,Thailand,2012,397558325278.579,5725.52802835463,7.24279620249642,3.00948610403357,137.67493851024
THA,Thailand,2013,420333654592.547,6018.08244729255,2.68749556320556,2.18617704418967,132.462274174269
THA,Thailand,2014,407339040197.651,5801.1978916205,0.984468863619426,1.89455652481545,130.905495444398
THA,Thailand,2015,401296238228.084,5688.85335397884,3.13404724911635,-0.898143410569433,124.839662152526
THA,Thailand,2016,413366349747.508,5833.57715617098,3.43515771692182,0.186235191075453,120.57522728913
THA,Thailand,2017,456356813536.764,6413.09182530343,4.1776810321001,0.664415139830893,120.891427433638
THA,Thailand,2018,506754208404.485,7099.77650081458,4.22287028746071,1.06683487370758,120.841864730984
THA,Thailand,2019,543976691793.886,7605.69657797759,2.11455779628278,0.705524801910317,109.689514715166
THA,Thailand,2020,500274927778.532,6983.03412836245,-6.09306312966953,-0.846087518861799,97.6624419371158
THA,Thailand,2021,506049783824.94,7055.18760721422,1.55858232076893,1.23104516549814,117.131472183199
THA,Thailand,2022,495691837308.033,6910.00995211206,2.63784213566305,6.07589952842433,132.813458288082
THA,Thailand,2023,517013369475.121,7210.54130832685,2.24883437970568,1.22908986612448,128.792359690165
THA,Thailand,2024,529385520941.539,7386.63615126055,2.94859986593323,0.398333333333422,135.724935837766
THA,Thailand,2025,577009981112.015,8056.56359761558,2.44247444990198,-0.133634356480207,138.413686011523
TJK,Tajikistan,2010,5642221099.17704,737.338883219356,6.49999908585235,6.44531440780658,73.493044509473
TJK,Tajikistan,2011,6522756255.012,833.601978202852,7.40000059956711,12.4315490430406,79.7842446734572
TJK,Tajikistan,2012,7633036903.07634,952.452819695469,7.49999946321525,5.83116601031462,83.1759445401528
TJK,Tajikistan,2013,8448411318.25417,1028.19704279396,7.39999974700379,5.00964645344951,71.7437428882341
TJK,Tajikistan,2014,9112605459.32845,1081.54402932039,6.70000069016253,6.10442765129667,54.6071596053705
TJK,Tajikistan,2015,8271431485.07484,956.916310930656,6.01930331771186,5.7145594964971,49.9378160689555
TJK,Tajikistan,2016,6992416096.89018,788.710481734485,6.89999999999999,6.00458082322139,55.7246446907573
TJK,Tajikistan,2017,7536402852.85802,829.45714764957,7.10000041864309,,53.7861046057767
TJK,Tajikistan,2018,7764999999.45362,834.288404578801,7.5999988895536,,55.8461114113303
TJK,Tajikistan,2019,8300813599.3084,871.022372934846,7.40000016310556,,56.0450159145896
TJK,Tajikistan,2020,8133963550.65742,834.311715460625,4.40000111553493,,55.7491040194954
TJK,Tajikistan,2021,8937805347.13963,896.748053372182,9.39999955037523,,71.825937435383
TJK,Tajikistan,2022,10713525200.3998,1052.17949484894,8.00000033846364,,65.4355115893577
TJK,Tajikistan,2023,12244169292.7998,1178.47990060249,8.29999921651935,,65.6347010367354
TJK,Tajikistan,2024,14425113699.7925,1362.02559981695,8.39999980983981,,59.0899316296485
TJK,Tajikistan,2025,17660626562.4832,1637.2542942547,8.40000053390075,,
TKM,Turkmenistan,2010,22583157894.7368,4058.53937000739,9.20000007329543,,97.2464440197632
TKM,Turkmenistan,2011,29233333333.3333,5143.61929334647,14.7183120474814,,118.095536458021
TKM,Turkmenistan,2012,35164210526.3158,6053.8748468749,11.0508311776258,,119.176960326488
TKM,Turkmenistan,2013,39197543859.6491,6599.64529055481,10.1628450365084,,109.48116584462
TKM,Turkmenistan,2014,43524210526.3158,7164.14536184006,10.3497353947965,,102.760907500564
TKM,Turkmenistan,2015,35799714285.7143,5759.497903834,6.45254918531575,,73.2280034158293
TKM,Turkmenistan,2016,33313947368.4211,5238.00827202546,6.22909997062793,,58.2932324852085
TKM,Turkmenistan,2017,33352261306.5327,5125.54920055808,6.45138358820188,,47.3983995269018
TKM,Turkmenistan,2018,26036313868.6131,3911.98557297865,6.20602363832646,,41.6378669600992
TKM,Turkmenistan,2019,29700000000.0,4365.1152919542,6.33169567608873,,37.6560517756178
TKM,Turkmenistan,2020,27350527267.6636,3935.37749365223,5.87065623130427,,29.9541700399769
TKM,Turkmenistan,2021,26334182093.7903,3713.20113171765,6.15115785574542,,33.4124528498008
TKM,Turkmenistan,2022,37583913148.2791,5198.18947409551,6.23491365071671,,37.8107225896924
TKM,Turkmenistan,2023,39020211239.6728,5298.46421949276,6.31879850268643,,34.1794035540188
TKM,Turkmenistan,2024,44249447717.2312,5904.25772576512,6.28235647996578,,28.7345237411748
TKM,Turkmenistan,2025,49828621355.6516,6540.17876401136,6.30000003697894,,28.1660712907997
TTO,Trinidad and Tobago,2010,22157920592.3669,16815.424737361,3.32322471027371,10.5492003179988,
TTO,Trinidad and Tobago,2011,25433007437.1605,19151.0870229722,-0.294354409043763,5.1071328926456,
TTO,Trinidad and Tobago,2012,27147349937.4689,20332.1389531925,6.71074625448722,9.26028137068292,
TTO,Trinidad and Tobago,2013,28560537057.1548,21304.9777496628,3.36819291689019,5.19981740465611,
TTO,Trinidad and Tobago,2014,29474180005.1333,21908.3014555644,3.67086851032413,5.68441814595659,
TTO,Trinidad and Tobago,2015,26841141793.2143,19887.2327716498,-0.406283288730492,4.66121598098264,
TTO,Trinidad and Tobago,2016,23624322192.6274,17449.1538801956,-7.53636305379372,3.07066742464024,
TTO,Trinidad and Tobago,2017,23830750900.6899,17566.0999700656,-4.87274946918724,1.88038440183532,
TTO,Trinidad and Tobago,2018,23883058083.2171,17571.498737278,-0.945449700943314,1.01856930188822,
TTO,Trinidad and Tobago,2019,23477745791.6977,17212.6128892163,0.467734528855885,1.00054293027237,
TTO,Trinidad and Tobago,2020,20888515184.2239,15283.6270531554,-8.78879817831519,0.598986330824643,
TTO,Trinidad and Tobago,2021,24222963262.7213,17712.5674104655,-0.716740625909793,2.05922746915458,
TTO,Trinidad and Tobago,2022,28341164301.126,20750.5202434652,0.86126082651883,5.82838638517959,
TTO,Trinidad and Tobago,2023,25036993423.3664,18308.4536298575,1.46645947294053,4.62930242419968,
TTO,Trinidad and Tobago,2024,25633544529.4849,18733.4110406494,2.50920813979569,0.526884625776839,
TTO,Trinidad and Tobago,2025,25942749718.4685,18967.2704636681,-0.787768572727643,0.994489987904821,
TUN,Tunisia,2010,46206091937.9628,4291.86120891575,2.97113275066512,3.33897963601069,100.151009836799
TUN,Tunisia,2011,48123325825.0739,4420.64772206537,-2.04663389535644,3.24002842009531,100.106379304237
TUN,Tunisia,2012,47311401812.6733,4297.26782454273,4.21667711535632,4.6118443220664,101.550723929668
TUN,Tunisia,2013,48685446413.953,4369.79345826358,2.42993096446429,5.31623531326689,98.9549566862038
TUN,Tunisia,2014,50271812920.612,4458.97895464547,3.09032803070775,4.62555099534031,96.1071038558701
TUN,Tunisia,2015,45779494041.9295,4014.94773686432,0.967834205635981,4.437371273215,87.2485306596052
TUN,Tunisia,2016,44360072680.4476,3847.80354448809,1.117231963992,3.62939937384381,87.0926643641466
TUN,Tunisia,2017,42163530590.9462,3619.03247319953,2.25261437620587,5.30884839565844,95.8091979825804
TUN,Tunisia,2018,42686504459.801,3628.10366464236,2.60696965356362,7.30759176031652,103.871824260635
TUN,Tunisia,2019,41905642418.825,3528.87213306798,1.55009304966742,6.72007532863799,102.332614725789
TUN,Tunisia,2020,42491780918.361,3548.65363663803,-8.97512622934723,5.63415115897625,84.3333297071767
TUN,Tunisia,2021,47073234359.1819,3906.93926319391,4.73603648206102,5.706350208307,93.6334140664079
TUN,Tunisia,2022,44929920092.7955,3707.29283414381,2.75228761004381,8.30646124447623,116.095794384146
TUN,Tunisia,2023,48205328303.3398,3951.11683376921,0.184015548469745,9.32899597507865,112.128858013354
TUN,Tunisia,2024,51412122479.8468,4187.64079392362,1.61444564976986,7.20661657168794,106.298549204247
TUN,Tunisia,2025,57502836548.0878,4656.63818386852,2.49311010666248,5.15100197572676,101.446205451707
TUR,Turkiye,2010,782545664268.333,10698.9699409757,8.54219848467686,8.56644420552976,46.9433366709891
TUR,Turkiye,2011,844192507380.795,11373.6355760885,10.9799625273598,6.471879671151,53.651583897618
TUR,Turkiye,2012,885327622479.052,11776.7593362033,4.80762696633448,8.89156996512163,53.3277612968607
TUR,Turkiye,2013,962167643588.925,12635.5570016068,8.48825689298511,7.49309030547693,53.0683530043043
TUR,Turkiye,2014,942343431928.654,12209.3862327674,4.60079447270559,8.85457271364316,54.30677404128
TUR,Turkiye,2015,865460050683.656,11064.6494504662,5.80557386628684,7.67085364845885,51.8749252596832
TUR,Turkiye,2016,870818016909.84,10984.3643169061,3.32366508200445,7.7751341532833,48.870183807987
TUR,Turkiye,2017,863874522365.276,10756.3877677883,7.82585730002594,11.1443110840764,56.1356585158689
TUR,Turkiye,2018,788356985773.667,9684.11819884721,3.46815306092219,16.3324638988929,62.8251323851165
TUR,Turkiye,2019,775853144222.613,9395.23378001368,1.30162365464503,15.1768215720022,62.5784589326239
TUR,Turkiye,2020,733628247119.077,8798.11791709313,1.80306247087255,12.2789574462574,60.389853117297
TUR,Turkiye,2021,839938668172.134,9981.76398411336,11.811094450607,19.5964926913324,69.6088976086437
TUR,Turkiye,2022,926097476913.818,10897.8397861365,5.44122511322401,72.3088359891207,79.8982722314341
TUR,Turkiye,2023,1141242864657.45,13375.0947282864,5.04512369812289,53.8594087593315,65.6832084738667
TUR,Turkiye,2024,1359123768774.12,15892.7157287241,3.3276230893799,58.5064507300342,54.5988061195916
TUR,Turkiye,2025,1597293229287.0,18599.4420922378,3.60462514082589,34.8811629820306,49.9346783626928
TZA,Tanzania,2010,32012892919.37,736.530151367188,6.33652342666889,6.20015595647403,47.6404394295683
TZA,Tanzania,2011,34657140096.4836,775.392761230469,7.67215543486064,12.6909694699162,56.1661241821809
TZA,Tanzania,2012,39650394362.9287,861.969909667969,4.50015356010131,16.0010938506338,54.3689490815138
TZA,Tanzania,2013,45648857242.315,963.05712890625,6.78158560065316,7.87072364573959,48.6316275295495
TZA,Tanzania,2014,49986726460.6805,1022.74841308594,6.73246186832483,6.13161432988012,45.3560223433065
TZA,Tanzania,2015,47413919817.124,939.127319335938,6.16062877406682,5.58816952959298,40.7576808778314
TZA,Tanzania,2016,49774409374.4538,953.0107421875,6.86711619644551,5.17476629301493,35.4204704002636
TZA,Tanzania,2017,53274884532.7886,986.674011230469,6.72726996832438,5.31871605228931,33.1125919853124
TZA,Tanzania,2018,57003712892.0858,1023.10626220703,5.50267599384966,3.49445848856181,32.6426099043737
TZA,Tanzania,2019,61026731925.9213,1063.32250976563,5.79999999996723,3.46428057999021,33.0185892502311
TZA,Tanzania,2020,66068737786.0639,1117.41528320313,1.99196460647855,3.29029062798325,27.9630151969884
TZA,Tanzania,2021,70655628147.8986,1159.85656738281,4.32138429480482,3.69091958802199,29.9151840074048
TZA,Tanzania,2022,75749121846.9703,1207.52062988281,4.56600576430955,4.35027204269101,35.0034517101994
TZA,Tanzania,2023,79030935638.1317,1224.00219726563,5.06952353203394,3.79923291384916,38.212034806339
TZA,Tanzania,2024,79235713444.9777,1192.60668945313,5.5263138305945,3.05694676312373,41.3081068648568
TZA,Tanzania,2025,90143496090.4411,1318.81921386719,5.85286828692739,3.32697361316105,38.9715711395739
UKR,Ukraine,2010,141209170427.233,3039.63232421875,4.09200436668087,9.37293105078978,95.72973045329
UKR,Ukraine,2011,169333835201.554,3656.69799804688,5.44528081048476,7.95572466274652,104.805073904259
UKR,Ukraine,2012,182591753827.949,3951.34228515625,0.152314967200653,0.568727971803862,102.622788356626
UKR,Ukraine,2013,190498811460.028,4129.89697265625,0.045439094492707,-0.238948626045407,94.0016694501782
UKR,Ukraine,2014,133503871861.723,3054.908203125,-10.0788949840953,12.0718562874251,100.691782483624
UKR,Ukraine,2015,91030967789.0717,2094.47387695313,-9.7729872128676,48.6998646434424,107.806616298156
UKR,Ukraine,2016,93355869403.9223,2158.46118164063,2.44098194492067,13.9127101997797,105.521204913122
UKR,Ukraine,2017,112090505081.739,2604.28759765625,2.35997228099491,14.4383227488749,104.034982911399
UKR,Ukraine,2018,130891088293.55,3059.0517578125,3.48836234022659,10.9518559353178,99.1998150718675
UKR,Ukraine,2019,153883047509.577,3619.86157226563,3.19950386354134,7.88671745611133,90.5112342910763
UKR,Ukraine,2020,156617722013.342,3709.76928710938,-3.75281793983162,2.73249209419427,79.1564523761815
UKR,Ukraine,2021,199765859570.935,4775.94580078125,3.44562065945944,9.36313917695223,82.69796136345
UKR,Ukraine,2022,161989520721.19,4199.6708984375,-28.7585842155085,20.1836366617478,87.3965139907244
UKR,Ukraine,2023,181221517868.744,5139.59814453125,5.53473354963334,12.8490222828559,77.5096141935657
UKR,Ukraine,2024,190833835445.1,5391.62255859375,3.24811808426423,6.50198464669254,79.6884673892276
UKR,Ukraine,2025,214233312784.397,5865.884765625,1.82152376756284,12.7303341026903,77.1802739924807
URY,Uruguay,2010,41950361211.9581,12641.0576849008,7.8034096507169,6.69870886978132,51.6990372012256
URY,Uruguay,2011,50342406067.0777,15132.2675725587,5.16213302463606,8.0928320630299,53.2470340109018
URY,Uruguay,2012,54232266358.7811,16259.5940814256,3.53817872056869,8.09776580573602,55.0611541633768
URY,Uruguay,2013,61337621933.7857,18335.2594772322,4.63753862902416,8.57513504005397,49.7178464746233
URY,Uruguay,2014,61496186973.902,18322.4276767157,3.23879122952364,8.87735333229828,49.0876240632174
URY,Uruguay,2015,57680327998.6689,17125.9016800298,0.370741257681345,8.66626987079328,45.3282408087534
URY,Uruguay,2016,57480787465.2716,17009.7584207276,1.68979822971775,9.6394134763508,48.4705353074514
URY,Uruguay,2017,65006039809.739,19184.6626114272,1.74037649141989,6.2180938256186,46.3779636198842
URY,Uruguay,2018,65344577415.7535,19249.9404677501,0.164777608846705,7.60653360377047,47.7913453459107
URY,Uruguay,2019,62222324964.633,18315.7350377437,0.928351027546341,7.88198870879619,49.7448660724665
URY,Uruguay,2020,53559354501.4278,15757.5341990356,-7.35732706897301,9.75640636078194,47.7318331202564
URY,Uruguay,2021,60739061281.1628,17881.8119616753,5.84427325018082,7.74791402314762,58.3150555063308
URY,Uruguay,2022,71240669088.0587,21009.2883798725,4.60623000920732,9.10437983075437,60.2026828336525
URY,Uruguay,2023,79208725899.5531,23378.6399733516,0.761749241321681,5.86910359896119,52.3273108387018
URY,Uruguay,2024,82322859144.2816,24308.4954958447,3.32575905957381,4.84914366613156,51.4582237554765
URY,Uruguay,2025,85347696277.6859,25215.8238152781,1.78471117082752,4.65032720433324,49.7171497188849
USA,United States,2010,15048971000000.0,48642.6312088213,2.69519258673525,1.6400434423899,28.2198829408336
USA,United States,2011,15599732000000.0,50024.8812320773,1.56440685205419,3.156841568622,30.842478575914
USA,United States,2012,16253970000000.0,51708.3940614082,2.28911339009767,2.06933726526067,30.681839575193
USA,United States,2013,16880683000000.0,53297.3862901595,2.11783009443471,1.46483265562717,29.9413062848227
USA,United States,2014,17608138000000.0,55153.3940182967,2.52381981757846,1.62222297740817,29.906569337428
USA,United States,2015,18295019000000.0,56849.4697923159,2.94555045227337,0.118627135552451,27.6882139340768
USA,United States,2016,18804913000000.0,57976.628204291,1.81945147909089,1.26158320570536,26.4525977865465
USA,United States,2017,19612102000000.0,60047.7190728307,2.45762230126449,2.13011000365961,27.1253382222874
USA,United States,2018,20656516000000.0,62875.6661382728,2.96650506701943,2.44258329692817,27.4453591302618
USA,United States,2019,21539982000000.0,65227.9565911038,2.58382533052225,1.81221007526021,26.2584806245428
USA,United States,2020,21375281000000.0,64465.2971415748,-2.081375977796,1.23358439630629,23.1399437509149
USA,United States,2021,23725645000000.0,71441.2319805947,6.15202247867526,4.69785886363742,25.2327260228331
USA,United States,2022,26054614000000.0,78008.6895811877,2.52421385073222,8.00279982052121,26.9078981557739
USA,United States,2023,27811517000000.0,82586.7847707894,2.93436322440155,4.11633838374488,24.9292981752847
USA,United States,2024,29298013000000.0,86169.6641581917,2.79318715363841,2.94952520485207,25.0160172978284
USA,United States,2025,30769700000000.0,90026.5163005744,2.16138195623856,,
UZB,Uzbekistan,2010,55544226552.8467,1956.78127255673,7.5971679610016,,44.1432918113775
UZB,Uzbekistan,2011,67404618404.5392,2338.55462817306,8.12793681625645,13.7797446476602,44.3313973754476
UZB,Uzbekistan,2012,75318846931.3239,2573.95586785056,7.35682138899483,13.2088026688373,39.6570271654711
UZB,Uzbekistan,2013,82674178351.6216,2781.38869470315,7.9217749261021,11.8414333622049,37.5113183619111
UZB,Uzbekistan,2014,91303765114.0144,3021.00331668049,7.71373911707978,9.28309356162695,32.1925400076306
UZB,Uzbekistan,2015,97564568986.8161,3172.89899391083,7.94477659311639,8.75188196737508,27.1724545801626
UZB,Uzbekistan,2016,97871364319.3985,3128.42307170099,6.71108022628,8.130886695236,25.6926479568511
UZB,Uzbekistan,2017,72276404057.649,2271.4730109511,4.70027401956061,13.8757425441635,41.0443062055515
UZB,Uzbekistan,2018,61318332402.7908,1894.09088741408,5.72368380757618,17.5241796514055,61.395110017578
UZB,Uzbekistan,2019,70170662562.6111,2128.66067138334,6.79331098484522,14.5257359560687,62.3003782302878
UZB,Uzbekistan,2020,70127127133.2164,2087.96374711792,1.62162281640448,12.8677297362606,53.1070769988551
UZB,Uzbekistan,2021,81170051810.5825,2370.36480555669,8.20448512353877,10.8492397508122,54.7477822134912
UZB,Uzbekistan,2022,94286355836.1594,2698.60262953369,6.08592335737373,11.4466436998836,60.0483582576289
UZB,Uzbekistan,2023,107526539716.318,3015.97705069457,6.31603004201926,9.95659071258018,63.102194304905
UZB,Uzbekistan,2024,121356065241.228,3337.45492058664,6.67618796188361,9.62825465956682,57.5295432552977
UZB,Uzbekistan,2025,147038081129.405,3968.2720079072,7.69962477932913,8.79638847052461,57.4005392040216
VEN,"Venezuela, RB",2010,393192354510.653,13646.3046622664,-1.5873015873016,28.1874647092039,0.0
VEN,"Venezuela, RB",2011,316482190800.364,10843.9229703167,4.12186379928315,26.0902123160959,0.0
VEN,"Venezuela, RB",2012,371846610182.327,12582.0125686037,5.67986230636832,21.0689956331876,50.7514450867052
VEN,"Venezuela, RB",2013,258512396297.714,8642.37380007027,1.30293159609121,40.6394275161589,62.5819672131148
VEN,"Venezuela, RB",2014,214838755021.964,7101.15006382986,-3.85852090032154,62.1686499794829,64.0956340956341
VEN,"Venezuela, RB",2015,125249941853.534,4096.61989137473,-6.18729096989966,121.738085297503,60.377358490566
VEN,"Venezuela, RB",2016,112948035494.959,3671.23004093383,-17.1122994652406,254.948534781816,41.3927576601671
VEN,"Venezuela, RB",2017,115892475742.789,3791.63262049576,-15.6989247311828,,42.6149425287356
VEN,"Venezuela, RB",2018,101987075928.918,3421.51341607593,-19.6428571428571,,54.6332963725646
VEN,"Venezuela, RB",2019,73014157107.594,2523.11527549578,-27.6190476190476,,58.1288399985284
VEN,"Venezuela, RB",2020,42837965906.8675,1506.04169391285,-29.8245614035088,,26.0905679013051
VEN,"Venezuela, RB",2021,56615026262.6535,2004.93572921136,0.625000000000014,,29.2263872682484
VEN,"Venezuela, RB",2022,89013251020.9831,3155.04190923584,8.07453416149069,,27.8980542310307
VEN,"Venezuela, RB",2023,102377501185.925,3617.47038396528,4.02298850574712,,28.0944323171165
VEN,"Venezuela, RB",2024,120566112397.063,4244.45723136019,5.52486187845305,,26.2373885733766
VEN,"Venezuela, RB",2025,99661244155.6306,3494.8138870244,1.57068062827224,,25.0115313779011
VNM,Viet Nam,2010,147201173196.979,1683.16182443979,6.42324482239482,9.20746648778413,113.977687539714
VNM,Viet Nam,2011,172595049183.925,1950.92504174913,6.41316889681683,18.6777322770706,125.260577940829
VNM,Viet Nam,2012,195590661129.249,2185.11767654291,5.5045447041189,9.09470339557193,123.224116745985
VNM,Viet Nam,2013,213708811665.34,2359.51736472828,5.55351081026072,6.59267475899192,130.846354866743
VNM,Viet Nam,2014,233451469642.519,2546.38464459903,6.42224312118567,4.08455446637625,135.410521454361
VNM,Viet Nam,2015,239258328381.741,2577.56885340113,6.98715430598611,0.631200905175685,144.914228195237
VNM,Viet Nam,2016,257096001177.982,2735.0604380416,6.69000892660424,2.66824816969082,145.409507973118
VNM,Viet Nam,2017,281353605986.903,2956.10992127753,6.94019037359206,3.52025688811618,160.98008365887
VNM,Viet Nam,2018,310106478394.659,3222.31003125366,7.46500685572751,3.53962805942641,164.663936775893
VNM,Viet Nam,2019,334365270496.667,3440.90025375434,7.35926270105006,2.79582367452244,164.704215031408
VNM,Viet Nam,2020,346615738537.796,3534.03953482647,2.86541320912272,3.22093436652515,163.245862814935
VNM,Viet Nam,2021,366474752771.009,3704.1935590038,2.55372852648131,1.83471554810462,186.675832836814
VNM,Viet Nam,2022,413445230668.578,4147.69777213621,8.53750041218142,3.15650749963112,183.153619147836
VNM,Viet Nam,2023,433805036898.465,4322.82572261566,4.97865959483225,3.25289282667662,164.995585455876
VNM,Viet Nam,2024,476324572783.807,4716.6599379632,7.03955197123018,3.62109273885844,173.885260216071
VNM,Viet Nam,2025,514697215165.065,5065.99091899299,8.01882998978245,3.3099931421974,190.336808817292
YEM,"Yemen, Rep.",2010,30906749533.221,1155.20305261418,7.70128607527964,11.1748338605044,64.3856367797178
YEM,"Yemen, Rep.",2011,32726417878.391,1186.47500581215,-12.7148969035133,19.5435617131144,63.0594579549043
YEM,"Yemen, Rep.",2012,35401331609.5916,1245.05068272078,2.39299021364694,9.88538714484871,61.3616371825683
YEM,"Yemen, Rep.",2013,40415233436.1767,1378.75002954928,4.82351908493912,10.9684421500198,52.5118781367089
YEM,"Yemen, Rep.",2014,43228585321.3272,1430.16420964026,-0.188690241954504,8.10472583623915,48.2430405122774
YEM,"Yemen, Rep.",2015,42444490073.8555,1362.1738120601,-27.9945462502541,,30.3676590844637
YEM,"Yemen, Rep.",2016,31317825274.1507,975.359417003225,-9.37512379736752,,31.0815442908559
YEM,"Yemen, Rep.",2017,26842229044.5848,811.165970405745,-5.07179568062152,,42.9699046721967
YEM,"Yemen, Rep.",2018,21606160663.0318,633.887202451545,0.752447592962554,,56.0778227215077
ZAF,South Africa,2010,417363822801.713,7973.47195771517,3.03973288127956,4.06749555950263,50.4060871625999
ZAF,South Africa,2011,458199494830.834,8646.05571071635,3.16855627858818,5.0008533879502,54.6363504358971
ZAF,South Africa,2012,434400545085.811,8076.97678479741,2.39623238465745,5.73797139141739,55.5826171933345
ZAF,South Africa,2013,400886013595.573,7331.65467384919,2.48546800826588,5.78016910069176,58.875027630051
ZAF,South Africa,2014,381198869776.106,6856.73137092522,1.41382645223793,6.13282953059149,59.4995740550593
ZAF,South Africa,2015,346709790458.563,6112.27382485974,1.32186223678229,4.51869094892506,56.7266761447156
ZAF,South Africa,2016,323585509674.481,5651.20585165749,0.664552307858116,6.60290842394872,55.8612575048782
ZAF,South Africa,2017,381448814653.456,6618.33508255701,1.15794695181735,5.18618655524149,53.5359318293741
ZAF,South Africa,2018,405260723892.517,6914.1780318076,1.55678384721676,4.50987264867388,54.4855451276341
ZAF,South Africa,2019,389330032224.269,6533.71121032856,0.25993557687633,4.10285075461156,53.8979964081406
ZAF,South Africa,2020,337974655408.055,5580.60383075189,-6.1689177146757,3.23238831615113,50.7596590804177
ZAF,South Africa,2021,419986284375.368,6828.75624590017,4.85864865060148,4.61874544887136,56.1647136277546
ZAF,South Africa,2022,407596043067.885,6534.24867783397,2.05813661692193,7.03987272546482,64.94713440234
ZAF,South Africa,2023,381440724491.232,6034.27208964673,0.80610455095804,6.0752438457966,65.6798759740707
ZAF,South Africa,2024,401144998373.585,6267.186814093,0.534843531905139,4.36115246518962,61.646770473025
ZAF,South Africa,2025,427184325997.307,6597.71450918774,1.11462608103956,3.20550474112603,60.9110971393628
ZMB,Zambia,2010,20265559483.8548,1451.10616017155,10.2982233241213,8.50176133365265,67.9009190299719
ZMB,Zambia,2011,23459515275.5776,1624.86817763443,5.56925219263019,6.4293968107234,72.7954324384283
ZMB,Zambia,2012,25503060420.026,1710.05061343728,7.59738104901994,6.57589970757698,75.367709855907
ZMB,Zambia,2013,28037239462.7142,1820.71854827391,5.05753695047252,6.97767605490307,80.4562410213373
ZMB,Zambia,2014,27141023558.0829,1707.48573136694,4.69328316376705,7.80687553566333,76.1934997276313
ZMB,Zambia,2015,21251216798.7762,1295.87788680068,2.92037511217961,10.1105928909618,79.8652687573958
ZMB,Zambia,2016,20958412538.3093,1239.08527877713,3.75510031678988,17.8697300795268,73.958561254616
ZMB,Zambia,2017,25873601260.8353,1483.46577328065,3.52586277149926,6.57731154205644,71.5856946542566
ZMB,Zambia,2018,26311507273.6735,1463.89997855593,4.03449389667165,7.4945719272852,74.8883695274665
ZMB,Zambia,2019,23308667781.2258,1258.98619844462,1.44130602603785,9.15031644316296,68.791204936096
ZMB,Zambia,2020,18137764930.651,951.644316655957,-2.78505506545167,15.7330604721369,79.2068494095955
ZMB,Zambia,2021,22096416932.0089,1127.16077872857,6.23492204726448,22.0207676245777,86.2085111934645
ZMB,Zambia,2022,29163782140.4858,1447.12310138035,5.21122360356247,10.9932039209136,69.2973154193203
ZMB,Zambia,2023,27577956471.244,1330.72780576709,5.36794285493059,10.884531691282,78.2418870451485
ZMB,Zambia,2024,25303185342.2511,1187.10943350064,3.82004825518591,14.9856262747939,62.5348874064443
ZMB,Zambia,2025,28879806220.1264,1317.87771619597,3.75772836763902,13.9099095827735,
